date,state,city,place_type,confirmed,deaths,is_last,estimated_population_2019,city_ibge_code,confirmed_per_100k_inhabitants,death_rate
2020-03-24,AM,Manaus,city,45,0,True,2182763,1302603,2.06161,
2020-03-24,AM,Parintins,city,2,0,True,114273,1303403,1.75019,
2020-03-24,AM,,state,47,0,True,4144597,13,1.13401,
2020-03-24,BA,Alagoinhas,city,1,0,True,151596,2900702,0.65965,
2020-03-24,BA,Barreiras,city,1,0,True,155439,2903201,0.64334,
2020-03-24,BA,Brumado,city,1,0,True,67195,2904605,1.48821,
2020-03-24,BA,Camaçari,city,1,0,True,299132,2905701,0.3343,
2020-03-24,BA,Conceição do Jacuípe,city,1,0,True,33153,2908507,3.01632,
2020-03-24,BA,Conde,city,1,0,True,25837,2908606,3.87042,
2020-03-24,BA,Feira de Santana,city,6,0,True,614872,2910800,0.97581,
2020-03-24,BA,Itabuna,city,1,0,True,213223,2914802,0.46899,
2020-03-24,BA,Jequié,city,1,0,True,155966,2918001,0.64117,
2020-03-24,BA,Juazeiro,city,2,0,True,216707,2918407,0.92291,
2020-03-24,BA,Lauro de Freitas,city,3,0,True,198440,2919207,1.51179,
2020-03-24,BA,Porto Seguro,city,8,0,True,148686,2925303,5.38047,
2020-03-24,BA,Prado,city,2,0,True,28174,2925501,7.09874,
2020-03-24,BA,Salvador,city,46,0,True,2872347,2927408,1.60148,
2020-03-24,BA,Teixeira de Freitas,city,1,0,True,160487,2931350,0.6231,
2020-03-24,BA,,state,76,0,True,14873064,29,0.51099,
2020-03-24,CE,Aquiraz,city,6,0,True,80271,2301000,7.47468,
2020-03-24,CE,Fortaleza,city,170,0,True,2669342,2304400,6.36861,
2020-03-24,CE,Fortim,city,1,0,True,16480,2304459,6.06796,
2020-03-24,CE,Importados,city,2,0,True,,,,
2020-03-24,CE,Juazeiro do Norte,city,1,0,True,274207,2307304,0.36469,
2020-03-24,CE,Mauriti,city,1,0,True,47962,2308104,2.08498,
2020-03-24,CE,Sobral,city,4,0,True,208935,2312908,1.91447,
2020-03-24,CE,,state,185,0,True,9132078,23,2.02583,
2020-03-24,DF,Brasília,city,161,161,True,3015268,5300108,5.33949,1.0
2020-03-24,DF,,state,161,161,True,3015268,53,5.33949,1.0
2020-03-24,MG,Belo Horizonte,city,87,0,True,2512070,3106200,3.46328,
2020-03-24,MG,Betim,city,1,0,True,439340,3106705,0.22761,
2020-03-24,MG,Bom Despacho,city,1,0,True,50605,3107406,1.97609,
2020-03-24,MG,Campos Altos,city,1,0,True,15461,3111507,6.46789,
2020-03-24,MG,Contagem,city,2,0,True,663855,3118601,0.30127,
2020-03-24,MG,Coronel Fabriciano,city,1,0,True,109855,3119401,0.91029,
2020-03-24,MG,Divinópolis,city,1,0,True,238230,3122306,0.41976,
2020-03-24,MG,Importados,city,2,0,True,,,,
2020-03-24,MG,Ipatinga,city,1,0,True,263410,3131307,0.37964,
2020-03-24,MG,Juiz de Fora,city,8,0,True,568873,3136702,1.40629,
2020-03-24,MG,Lagoa da Prata,city,1,0,True,52165,3137205,1.91699,
2020-03-24,MG,Mariana,city,2,0,True,60724,3140001,3.29359,
2020-03-24,MG,Nova Lima,city,7,0,True,94889,3144805,7.37704,
2020-03-24,MG,Patrocínio,city,1,0,True,90757,3148103,1.10184,
2020-03-24,MG,Poços de Caldas,city,1,0,True,167397,3151800,0.59738,
2020-03-24,MG,Sete Lagoas,city,2,0,True,239639,3167202,0.83459,
2020-03-24,MG,Timóteo,city,1,0,True,89842,3168705,1.11307,
2020-03-24,MG,Uberaba,city,3,0,True,333783,3170107,0.89879,
2020-03-24,MG,Uberlândia,city,7,0,True,691305,3170206,1.01258,
2020-03-24,MG,,state,130,0,True,21168791,31,0.61411,
2020-03-24,MS,Campo Grande,city,22,0,True,895982,5002704,2.45541,
2020-03-24,MS,Ponta Porã,city,1,0,True,92526,5006606,1.08078,
2020-03-24,MS,Sidrolândia,city,1,0,True,57665,5007901,1.73415,
2020-03-24,MS,,state,24,0,True,2778986,50,0.86362,
2020-03-24,PB,Igaracy,city,1,0,True,6117,2502607,16.34788,
2020-03-24,PB,João Pessoa,city,2,0,True,809015,2507507,0.24721,
2020-03-24,PB,,state,3,0,True,4018127,25,0.07466,
2020-03-24,PR,Campo Largo,city,1,0,True,132002,4104204,0.75756,
2020-03-24,PR,Cascavel,city,2,0,True,328454,4104808,0.60891,
2020-03-24,PR,Cianorte,city,6,0,True,82620,4105508,7.26216,
2020-03-24,PR,Colombo,city,1,0,True,243726,4105805,0.4103,
2020-03-24,PR,Curitiba,city,40,0,True,1933105,4106902,2.06921,
2020-03-24,PR,Foz do Iguaçu,city,4,0,True,258532,4108304,1.5472,
2020-03-24,PR,Guaíra,city,1,0,True,33119,4108809,3.01941,
2020-03-24,PR,Importados,city,5,0,True,,,,
2020-03-24,PR,Londrina,city,3,0,True,569733,4113700,0.52656,
2020-03-24,PR,Maringá,city,1,0,True,423666,4115200,0.23603,
2020-03-24,PR,Paranavaí,city,1,0,True,88374,4118402,1.13155,
2020-03-24,PR,Pato Branco,city,1,0,True,82881,4118501,1.20655,
2020-03-24,PR,Pinhais,city,2,0,True,132157,4119152,1.51335,
2020-03-24,PR,Ponta Grossa,city,1,0,True,351736,4119905,0.2843,
2020-03-24,PR,Telêmaco Borba,city,1,0,True,78974,4127106,1.26624,
2020-03-24,PR,,state,70,0,True,11433957,41,0.61221,
2020-03-24,RN,Mossoró,city,1,0,True,297378,2408003,0.33627,
2020-03-24,RN,Natal,city,9,0,True,884122,2408102,1.01796,
2020-03-24,RN,Parnamirim,city,4,0,True,261469,2403251,1.52982,
2020-03-24,RN,,state,14,0,True,3506853,24,0.39922,
2020-03-24,SE,Aracaju,city,12,0,True,657013,2800308,1.82645,
2020-03-24,SE,Nossa Senhora da Glória,city,1,0,True,36924,2804508,2.70827,
2020-03-24,SE,Propriá,city,2,0,True,29626,2805703,6.75083,
2020-03-24,SE,,state,15,0,True,2298696,28,0.65254,
2020-03-23,AC,Rio Branco,city,17,0,True,407319,1200401,4.17363,
2020-03-23,AC,,state,17,0,True,881935,12,1.92758,
2020-03-23,AL,Maceió,city,8,0,True,1018948,2704302,0.78512,
2020-03-23,AL,,state,8,0,True,3337357,27,0.23971,
2020-03-23,AM,Manaus,city,31,0,False,2182763,1302603,1.42022,
2020-03-23,AM,Parintins,city,1,0,False,114273,1303403,0.8751,
2020-03-23,AM,,state,32,0,False,4144597,13,0.77209,
2020-03-23,AP,Macapá,city,1,0,True,503327,1600303,0.19868,
2020-03-23,AP,,state,1,0,True,845731,16,0.11824,
2020-03-23,BA,Barreiras,city,1,0,False,155439,2903201,0.64334,
2020-03-23,BA,Brumado,city,1,0,False,67195,2904605,1.48821,
2020-03-23,BA,Camaçari,city,1,0,False,299132,2905701,0.3343,
2020-03-23,BA,Conceição do Jacuípe,city,1,0,False,33153,2908507,3.01632,
2020-03-23,BA,Feira de Santana,city,6,0,False,614872,2910800,0.97581,
2020-03-23,BA,Itabuna,city,1,0,False,213223,2914802,0.46899,
2020-03-23,BA,Jequié,city,1,0,False,155966,2918001,0.64117,
2020-03-23,BA,Juazeiro,city,1,0,False,216707,2918407,0.46145,
2020-03-23,BA,Lauro de Freitas,city,3,0,False,198440,2919207,1.51179,
2020-03-23,BA,Porto Seguro,city,8,0,False,148686,2925303,5.38047,
2020-03-23,BA,Prado,city,2,0,False,28174,2925501,7.09874,
2020-03-23,BA,Salvador,city,37,0,False,2872347,2927408,1.28815,
2020-03-23,BA,,state,63,0,False,14873064,29,0.42358,
2020-03-23,CE,Aquiraz,city,6,0,False,80271,2301000,7.47468,
2020-03-23,CE,Fortaleza,city,151,0,False,2669342,2304400,5.65682,
2020-03-23,CE,Fortim,city,1,0,False,16480,2304459,6.06796,
2020-03-23,CE,Importados,city,2,0,False,,,,
2020-03-23,CE,Juazeiro do Norte,city,1,0,False,274207,2307304,0.36469,
2020-03-23,CE,Sobral,city,3,0,False,208935,2312908,1.43585,
2020-03-23,CE,,state,164,0,False,9132078,23,1.79587,
2020-03-23,DF,Brasília,city,138,0,False,3015268,5300108,4.57671,
2020-03-23,DF,,state,138,0,False,3015268,53,4.57671,
2020-03-23,ES,Cachoeiro de Itapemirim,city,1,0,True,208972,3201209,0.47853,
2020-03-23,ES,Cariacica,city,1,0,True,381285,3201308,0.26227,
2020-03-23,ES,Linhares,city,2,0,True,173555,3203205,1.15237,
2020-03-23,ES,Santa Teresa,city,1,0,True,23590,3204609,4.23908,
2020-03-23,ES,Serra,city,1,0,True,517510,3205002,0.19323,
2020-03-23,ES,Vila Velha,city,13,0,True,493838,3205200,2.63244,
2020-03-23,ES,Vitória,city,14,0,True,362097,3205309,3.86637,
2020-03-23,ES,,state,33,0,True,4018650,32,0.82117,
2020-03-23,GO,Anápolis,city,2,0,True,386923,5201108,0.5169,
2020-03-23,GO,Aparecida de Goiânia,city,2,0,True,578179,5201405,0.34591,
2020-03-23,GO,Catalão,city,1,0,True,108823,5205109,0.91892,
2020-03-23,GO,Goiânia,city,12,0,True,1516113,5208707,0.7915,
2020-03-23,GO,Jataí,city,1,0,True,100882,5211909,0.99126,
2020-03-23,GO,Rio Verde,city,5,0,True,235647,5218805,2.12182,
2020-03-23,GO,,state,23,0,True,7018354,52,0.32771,
2020-03-23,MA,São Luís,city,8,0,True,1101884,2111300,0.72603,
2020-03-23,MA,,state,8,0,True,7075181,21,0.11307,
2020-03-23,MG,Belo Horizonte,city,60,0,False,2512070,3106200,2.38847,
2020-03-23,MG,Betim,city,1,0,False,439340,3106705,0.22761,
2020-03-23,MG,Bom Despacho,city,1,0,False,50605,3107406,1.97609,
2020-03-23,MG,Campos Altos,city,1,0,False,15461,3111507,6.46789,
2020-03-23,MG,Contagem,city,2,0,False,663855,3118601,0.30127,
2020-03-23,MG,Coronel Fabriciano,city,1,0,False,109855,3119401,0.91029,
2020-03-23,MG,Divinópolis,city,1,0,False,238230,3122306,0.41976,
2020-03-23,MG,Importados,city,28,0,False,,,,
2020-03-23,MG,Ipatinga,city,1,0,False,263410,3131307,0.37964,
2020-03-23,MG,Juiz de Fora,city,8,0,False,568873,3136702,1.40629,
2020-03-23,MG,Lagoa da Prata,city,1,0,False,52165,3137205,1.91699,
2020-03-23,MG,Mariana,city,2,0,False,60724,3140001,3.29359,
2020-03-23,MG,Nova Lima,city,7,0,False,94889,3144805,7.37704,
2020-03-23,MG,Patrocínio,city,1,0,False,90757,3148103,1.10184,
2020-03-23,MG,Poços de Caldas,city,1,0,False,167397,3151800,0.59738,
2020-03-23,MG,Sete Lagoas,city,2,0,False,239639,3167202,0.83459,
2020-03-23,MG,Timóteo,city,1,0,False,89842,3168705,1.11307,
2020-03-23,MG,Uberaba,city,3,0,False,333783,3170107,0.89879,
2020-03-23,MG,Uberlândia,city,6,0,False,691305,3170206,0.86792,
2020-03-23,MG,,state,128,0,False,21168791,31,0.60466,
2020-03-23,MS,Campo Grande,city,19,0,False,895982,5002704,2.12058,
2020-03-23,MS,Ponta Porã,city,1,0,False,92526,5006606,1.08078,
2020-03-23,MS,Sidrolândia,city,1,0,False,57665,5007901,1.73415,
2020-03-23,MS,,state,21,0,False,2778986,50,0.75567,
2020-03-23,MT,Cuiabá,city,5,0,True,612547,5103403,0.81626,
2020-03-23,MT,Várzea Grande,city,1,0,True,284971,5108402,0.35091,
2020-03-23,MT,,state,6,0,True,3484466,51,0.17219,
2020-03-23,PA,Marabá,city,1,0,True,279349,1504208,0.35798,
2020-03-23,PA,,state,5,0,True,8602865,15,0.05812,
2020-03-23,PB,Igaracy,city,1,0,False,6117,2502607,16.34788,
2020-03-23,PB,João Pessoa,city,1,0,False,809015,2507507,0.12361,
2020-03-23,PB,,state,2,0,False,4018127,25,0.04977,
2020-03-23,PE,Belo Jardim,city,1,0,True,76439,2601706,1.30823,
2020-03-23,PE,Caruaru,city,1,0,True,361118,2604106,0.27692,
2020-03-23,PE,Importados,city,4,0,True,,,,
2020-03-23,PE,Jaboatão dos Guararapes,city,3,0,True,702298,2607901,0.42717,
2020-03-23,PE,Olinda,city,2,0,True,392482,2609600,0.50958,
2020-03-23,PE,Petrolina,city,1,0,True,349145,2611101,0.28641,
2020-03-23,PE,Recife,city,30,0,True,1645727,2611606,1.8229,
2020-03-23,PE,,state,42,0,True,9557071,26,0.43947,
2020-03-23,PR,Campo Largo,city,1,0,False,132002,4104204,0.75756,
2020-03-23,PR,Cascavel,city,1,0,False,328454,4104808,0.30446,
2020-03-23,PR,Cianorte,city,6,0,False,82620,4105508,7.26216,
2020-03-23,PR,Colombo,city,1,0,False,243726,4105805,0.4103,
2020-03-23,PR,Curitiba,city,34,0,False,1933105,4106902,1.75883,
2020-03-23,PR,Foz do Iguaçu,city,4,0,False,258532,4108304,1.5472,
2020-03-23,PR,Guaíra,city,1,0,False,33119,4108809,3.01941,
2020-03-23,PR,Importados,city,4,0,False,,,,
2020-03-23,PR,Londrina,city,3,0,False,569733,4113700,0.52656,
2020-03-23,PR,Maringá,city,1,0,False,423666,4115200,0.23603,
2020-03-23,PR,Pato Branco,city,1,0,False,82881,4118501,1.20655,
2020-03-23,PR,Pinhais,city,2,0,False,132157,4119152,1.51335,
2020-03-23,PR,Ponta Grossa,city,1,0,False,351736,4119905,0.2843,
2020-03-23,PR,,state,60,0,False,11433957,41,0.52475,
2020-03-23,RJ,Barra Mansa,city,1,0,True,184412,3300407,0.54226,
2020-03-23,RJ,Guapimirim,city,1,0,True,60517,3301850,1.65243,
2020-03-23,RJ,Importados,city,2,0,True,,,,
2020-03-23,RJ,Miguel Pereira,city,1,1,True,25538,3302908,3.91573,1.0
2020-03-23,RJ,Niterói,city,10,1,True,513584,3303302,1.9471,0.1
2020-03-23,RJ,Petrópolis,city,3,1,True,306191,3303906,0.97978,0.3333
2020-03-23,RJ,Rio de Janeiro,city,212,1,True,6718903,3304557,3.15528,0.0047
2020-03-23,RJ,São Gonçalo,city,3,0,True,1084839,3304904,0.27654,
2020-03-23,RJ,,state,233,4,True,17264943,33,1.34956,0.0172
2020-03-23,RR,Boa Vista,city,2,0,True,399213,1400100,0.50099,
2020-03-23,RR,,state,2,0,True,605761,14,0.33016,
2020-03-23,RS,Alvorada,city,2,0,True,210305,4300604,0.951,
2020-03-23,RS,Bagé,city,7,0,True,121143,4301602,5.7783,
2020-03-23,RS,Bento Gonçalves,city,2,0,True,120454,4302105,1.66038,
2020-03-23,RS,Campo Bom,city,2,0,True,66712,4303905,2.99796,
2020-03-23,RS,Canoas,city,5,0,True,346616,4304606,1.44252,
2020-03-23,RS,Capão da Canoa,city,1,0,True,53049,4304630,1.88505,
2020-03-23,RS,Carlos Barbosa,city,1,0,True,29833,4304804,3.35199,
2020-03-23,RS,Caxias do Sul,city,2,0,True,510906,4305108,0.39146,
2020-03-23,RS,Charqueadas,city,1,0,True,40789,4305355,2.45164,
2020-03-23,RS,Cruzeiro do Sul,city,1,0,True,12348,4306205,8.09848,
2020-03-23,RS,Dois Irmãos,city,1,0,True,32671,4306403,3.06082,
2020-03-23,RS,Eldorado do Sul,city,1,0,True,41285,4306767,2.42219,
2020-03-23,RS,Erechim,city,3,0,True,105862,4307005,2.83388,
2020-03-23,RS,Estância Velha,city,1,0,True,50022,4307609,1.99912,
2020-03-23,RS,Estrela,city,1,0,True,34116,4307807,2.93118,
2020-03-23,RS,Farroupilha,city,1,0,True,72331,4307906,1.38253,
2020-03-23,RS,Ivoti,city,2,0,True,24293,4310801,8.23282,
2020-03-23,RS,Lajeado,city,3,0,True,84014,4311403,3.57083,
2020-03-23,RS,Osório,city,1,0,True,45994,4313508,2.1742,
2020-03-23,RS,Porto Alegre,city,41,0,True,1483771,4314902,2.76323,
2020-03-23,RS,Rio Grande,city,1,0,True,211005,4315602,0.47392,
2020-03-23,RS,Santa Maria,city,2,0,True,282123,4316907,0.70891,
2020-03-23,RS,Sant'Ana do Livramento,city,3,0,True,77027,4317103,3.89474,
2020-03-23,RS,Santiago,city,1,0,True,49425,4317400,2.02327,
2020-03-23,RS,Santo Antônio da Patrulha,city,1,0,True,42894,4317608,2.33133,
2020-03-23,RS,São Leopoldo,city,1,0,True,236835,4318705,0.42223,
2020-03-23,RS,Sapiranga,city,1,0,True,81734,4319901,1.22348,
2020-03-23,RS,Serafina Corrêa,city,2,0,True,17502,4320404,11.42727,
2020-03-23,RS,Taquara,city,1,0,True,57466,4321204,1.74016,
2020-03-23,RS,Torres,city,3,0,True,38732,4321501,7.74553,
2020-03-23,RS,Viamão,city,1,0,True,255224,4323002,0.39181,
2020-03-23,RS,,state,96,0,True,11377239,43,0.84379,
2020-03-23,SC,Balneário Camboriú,city,6,0,True,142295,4202008,4.21659,
2020-03-23,SC,Blumenau,city,7,0,True,357199,4202404,1.95969,
2020-03-23,SC,Braço do Norte,city,9,0,True,33450,4202800,26.90583,
2020-03-23,SC,Chapecó,city,2,0,True,220367,4204202,0.90758,
2020-03-23,SC,Criciúma,city,9,0,True,215186,4204608,4.18243,
2020-03-23,SC,Florianópolis,city,15,0,True,500973,4205407,2.99417,
2020-03-23,SC,Gaspar,city,1,0,True,69639,4205902,1.43598,
2020-03-23,SC,Gravatal,city,2,0,True,11501,4206207,17.38979,
2020-03-23,SC,Içara,city,1,0,True,56421,4207007,1.77239,
2020-03-23,SC,Imbituba,city,2,0,True,44853,4207304,4.45901,
2020-03-23,SC,Itajaí,city,7,0,True,219536,4208203,3.18854,
2020-03-23,SC,Jaguaruna,city,1,0,True,20024,4208807,4.99401,
2020-03-23,SC,Jaraguá do Sul,city,2,0,True,177697,4208906,1.12551,
2020-03-23,SC,Joinville,city,4,0,True,590466,4209102,0.67743,
2020-03-23,SC,Lages,city,1,0,True,157544,4209300,0.63474,
2020-03-23,SC,Navegantes,city,1,0,True,81475,4211306,1.22737,
2020-03-23,SC,Pomerode,city,1,0,True,33447,4213203,2.9898,
2020-03-23,SC,Porto Belo,city,2,0,True,21388,4213500,9.35104,
2020-03-23,SC,Rancho Queimado,city,2,0,True,2878,4214300,69.4927,
2020-03-23,SC,São José,city,4,0,True,246586,4216602,1.62215,
2020-03-23,SC,Tubarão,city,7,0,True,105686,4218707,6.62339,
2020-03-23,SC,,state,86,0,True,7164788,42,1.20031,
2020-03-23,SP,Barueri,city,1,0,True,274182,3505708,0.36472,
2020-03-23,SP,Campinas,city,1,0,True,1204073,3509502,0.08305,
2020-03-23,SP,Carapicuíba,city,2,0,True,400927,3510609,0.49884,
2020-03-23,SP,Cotia,city,2,0,True,249210,3513009,0.80254,
2020-03-23,SP,Ferraz de Vasconcelos,city,1,0,True,194276,3515707,0.51473,
2020-03-23,SP,Guarulhos,city,1,0,True,1379182,3518800,0.07251,
2020-03-23,SP,Hortolândia,city,2,0,True,230851,3519071,0.86636,
2020-03-23,SP,Importados,city,8,0,True,,,,
2020-03-23,SP,Jaguariúna,city,1,0,True,57488,3524709,1.73949,
2020-03-23,SP,Mauá,city,1,0,True,472912,3529401,0.21146,
2020-03-23,SP,Mogi das Cruzes,city,1,0,True,445842,3530607,0.22429,
2020-03-23,SP,Osasco,city,1,0,True,698418,3534401,0.14318,
2020-03-23,SP,Santana de Parnaíba,city,2,0,True,139447,3547304,1.43424,
2020-03-23,SP,Santo André,city,3,0,True,718773,3547809,0.41738,
2020-03-23,SP,São Bernardo do Campo,city,4,0,True,838936,3548708,0.47679,
2020-03-23,SP,São Caetano do Sul,city,4,0,True,161127,3548807,2.48251,
2020-03-23,SP,São José do Rio Preto,city,1,0,True,460671,3549805,0.21707,
2020-03-23,SP,São José dos Campos,city,1,0,True,721944,3549904,0.13851,
2020-03-23,SP,São Paulo,city,306,30,True,12252023,3550308,2.49755,0.098
2020-03-23,SP,Suzano,city,1,0,True,297637,3552502,0.33598,
2020-03-23,SP,Taubaté,city,1,0,True,314924,3554102,0.31754,
2020-03-23,SP,,state,745,30,True,45919049,35,1.62242,0.0403
2020-03-23,TO,Palmas,city,7,0,True,299127,1721000,2.34014,
2020-03-23,TO,,state,7,0,True,1572866,17,0.44505,
2020-03-22,AC,Rio Branco,city,11,0,False,407319,1200401,2.70059,
2020-03-22,AC,,state,11,0,False,881935,12,1.24726,
2020-03-22,AL,Maceió,city,7,0,False,1018948,2704302,0.68698,
2020-03-22,AL,,state,7,0,False,3337357,27,0.20975,
2020-03-22,AM,Manaus,city,26,0,False,2182763,1302603,1.19115,
2020-03-22,AM,,state,26,0,False,4144597,13,0.62732,
2020-03-22,AP,Macapá,city,1,0,False,503327,1600303,0.19868,
2020-03-22,AP,,state,1,0,False,845731,16,0.11824,
2020-03-22,BA,Barreiras,city,1,0,False,155439,2903201,0.64334,
2020-03-22,BA,Camaçari,city,1,0,False,299132,2905701,0.3343,
2020-03-22,BA,Conceição do Jacuípe,city,1,0,False,33153,2908507,3.01632,
2020-03-22,BA,Feira de Santana,city,6,0,False,614872,2910800,0.97581,
2020-03-22,BA,Itabuna,city,1,0,False,213223,2914802,0.46899,
2020-03-22,BA,Lauro de Freitas,city,3,0,False,198440,2919207,1.51179,
2020-03-22,BA,Porto Seguro,city,7,0,False,148686,2925303,4.70791,
2020-03-22,BA,Prado,city,2,0,False,28174,2925501,7.09874,
2020-03-22,BA,Salvador,city,33,0,False,2872347,2927408,1.14889,
2020-03-22,BA,,state,55,0,False,14873064,29,0.3698,
2020-03-22,CE,Aquiraz,city,5,0,False,80271,2301000,6.2289,
2020-03-22,CE,Fortaleza,city,116,0,False,2669342,2304400,4.34564,
2020-03-22,CE,Fortim,city,1,0,False,16480,2304459,6.06796,
2020-03-22,CE,Importados,city,1,0,False,,,,
2020-03-22,CE,Juazeiro do Norte,city,1,0,False,274207,2307304,0.36469,
2020-03-22,CE,Sobral,city,1,0,False,208935,2312908,0.47862,
2020-03-22,CE,,state,125,0,False,9132078,23,1.3688,
2020-03-22,DF,Brasília,city,117,0,False,3015268,5300108,3.88025,
2020-03-22,DF,,state,117,0,False,3015268,53,3.88025,
2020-03-22,ES,Cachoeiro de Itapemirim,city,1,0,False,208972,3201209,0.47853,
2020-03-22,ES,Cariacica,city,1,0,False,381285,3201308,0.26227,
2020-03-22,ES,Linhares,city,2,0,False,173555,3203205,1.15237,
2020-03-22,ES,Vila Velha,city,11,0,False,493838,3205200,2.22745,
2020-03-22,ES,Vitória,city,11,0,False,362097,3205309,3.03786,
2020-03-22,ES,,state,26,0,False,4018650,32,0.64698,
2020-03-22,GO,Anápolis,city,2,0,False,386923,5201108,0.5169,
2020-03-22,GO,Aparecida de Goiânia,city,1,0,False,578179,5201405,0.17296,
2020-03-22,GO,Catalão,city,1,0,False,108823,5205109,0.91892,
2020-03-22,GO,Goiânia,city,11,0,False,1516113,5208707,0.72554,
2020-03-22,GO,Jataí,city,1,0,False,100882,5211909,0.99126,
2020-03-22,GO,Rio Verde,city,5,0,False,235647,5218805,2.12182,
2020-03-22,GO,,state,21,0,False,7018354,52,0.29922,
2020-03-22,MA,São Luís,city,2,0,False,1101884,2111300,0.18151,
2020-03-22,MA,,state,2,0,False,7075181,21,0.02827,
2020-03-22,MG,,state,83,0,False,21168791,31,0.39209,
2020-03-22,MS,Campo Grande,city,19,0,False,895982,5002704,2.12058,
2020-03-22,MS,Ponta Porã,city,1,0,False,92526,5006606,1.08078,
2020-03-22,MS,Sidrolândia,city,1,0,False,57665,5007901,1.73415,
2020-03-22,MS,,state,21,0,False,2778986,50,0.75567,
2020-03-22,MT,,state,2,0,False,3484466,51,0.0574,
2020-03-22,PA,,state,4,0,False,8602865,15,0.0465,
2020-03-22,PB,João Pessoa,city,1,0,False,809015,2507507,0.12361,
2020-03-22,PB,,state,1,0,False,4018127,25,0.02489,
2020-03-22,PE,Belo Jardim,city,1,0,False,76439,2601706,1.30823,
2020-03-22,PE,Importados,city,4,0,False,,,,
2020-03-22,PE,Jaboatão dos Guararapes,city,3,0,False,702298,2607901,0.42717,
2020-03-22,PE,Olinda,city,1,0,False,392482,2609600,0.25479,
2020-03-22,PE,Recife,city,28,0,False,1645727,2611606,1.70138,
2020-03-22,PE,,state,37,0,False,9557071,26,0.38715,
2020-03-22,PI,Teresina,city,6,0,True,864845,2211001,0.69377,
2020-03-22,PI,,state,6,0,True,3273227,22,0.18331,
2020-03-22,PR,Campo Largo,city,1,0,False,132002,4104204,0.75756,
2020-03-22,PR,Cianorte,city,4,0,False,82620,4105508,4.84144,
2020-03-22,PR,Colombo,city,1,0,False,243726,4105805,0.4103,
2020-03-22,PR,Curitiba,city,31,0,False,1933105,4106902,1.60364,
2020-03-22,PR,Foz do Iguaçu,city,4,0,False,258532,4108304,1.5472,
2020-03-22,PR,Guaíra,city,1,0,False,33119,4108809,3.01941,
2020-03-22,PR,Importados,city,4,0,False,,,,
2020-03-22,PR,Londrina,city,3,0,False,569733,4113700,0.52656,
2020-03-22,PR,Maringá,city,1,0,False,423666,4115200,0.23603,
2020-03-22,PR,Pato Branco,city,1,0,False,82881,4118501,1.20655,
2020-03-22,PR,Pinhais,city,2,0,False,132157,4119152,1.51335,
2020-03-22,PR,Ponta Grossa,city,1,0,False,351736,4119905,0.2843,
2020-03-22,PR,,state,54,0,False,11433957,41,0.47228,
2020-03-22,RJ,Barra Mansa,city,1,0,False,184412,3300407,0.54226,
2020-03-22,RJ,Guapimirim,city,1,0,False,60517,3301850,1.65243,
2020-03-22,RJ,Importados,city,2,0,False,,,,
2020-03-22,RJ,Miguel Pereira,city,1,1,False,25538,3302908,3.91573,1.0
2020-03-22,RJ,Niterói,city,10,1,False,513584,3303302,1.9471,0.1
2020-03-22,RJ,Petrópolis,city,3,1,False,306191,3303906,0.97978,0.3333
2020-03-22,RJ,Rio de Janeiro,city,168,0,False,6718903,3304557,2.50041,
2020-03-22,RJ,,state,186,3,False,17264943,33,1.07733,0.0161
2020-03-22,RN,Mossoró,city,1,0,False,297378,2408003,0.33627,
2020-03-22,RN,Natal,city,9,0,False,884122,2408102,1.01796,
2020-03-22,RN,Parnamirim,city,3,0,False,261469,2403251,1.14736,
2020-03-22,RN,,state,13,0,False,3506853,24,0.3707,
2020-03-22,RO,Ji-Paraná,city,1,0,True,128969,1100122,0.77538,
2020-03-22,RO,Porto Velho,city,2,0,True,529544,1100205,0.37768,
2020-03-22,RO,,state,3,0,True,1777225,11,0.1688,
2020-03-22,RR,Boa Vista,city,2,0,False,399213,1400100,0.50099,
2020-03-22,RR,,state,2,0,False,605761,14,0.33016,
2020-03-22,RS,Alvorada,city,2,0,False,210305,4300604,0.951,
2020-03-22,RS,Bagé,city,3,0,False,121143,4301602,2.47641,
2020-03-22,RS,Bento Gonçalves,city,2,0,False,120454,4302105,1.66038,
2020-03-22,RS,Campo Bom,city,2,0,False,66712,4303905,2.99796,
2020-03-22,RS,Canoas,city,3,0,False,346616,4304606,0.86551,
2020-03-22,RS,Carlos Barbosa,city,1,0,False,29833,4304804,3.35199,
2020-03-22,RS,Caxias do Sul,city,2,0,False,510906,4305108,0.39146,
2020-03-22,RS,Charqueadas,city,1,0,False,40789,4305355,2.45164,
2020-03-22,RS,Dois Irmãos,city,1,0,False,32671,4306403,3.06082,
2020-03-22,RS,Eldorado do Sul,city,1,0,False,41285,4306767,2.42219,
2020-03-22,RS,Erechim,city,3,0,False,105862,4307005,2.83388,
2020-03-22,RS,Estância Velha,city,1,0,False,50022,4307609,1.99912,
2020-03-22,RS,Estrela,city,1,0,False,34116,4307807,2.93118,
2020-03-22,RS,Farroupilha,city,1,0,False,72331,4307906,1.38253,
2020-03-22,RS,Ivoti,city,2,0,False,24293,4310801,8.23282,
2020-03-22,RS,Lajeado,city,2,0,False,84014,4311403,2.38056,
2020-03-22,RS,Porto Alegre,city,38,0,False,1483771,4314902,2.56104,
2020-03-22,RS,Santa Maria,city,1,0,False,282123,4316907,0.35446,
2020-03-22,RS,Sant'Ana do Livramento,city,2,0,False,77027,4317103,2.59649,
2020-03-22,RS,Santo Antônio da Patrulha,city,1,0,False,42894,4317608,2.33133,
2020-03-22,RS,São Leopoldo,city,1,0,False,236835,4318705,0.42223,
2020-03-22,RS,Sapiranga,city,2,0,False,81734,4319901,2.44696,
2020-03-22,RS,Serafina Corrêa,city,1,0,False,17502,4320404,5.71363,
2020-03-22,RS,Taquara,city,2,0,False,57466,4321204,3.48032,
2020-03-22,RS,Torres,city,1,0,False,38732,4321501,2.58184,
2020-03-22,RS,,state,77,0,False,11377239,43,0.67679,
2020-03-22,SC,Balneário Camboriú,city,6,0,False,142295,4202008,4.21659,
2020-03-22,SC,Blumenau,city,6,0,False,357199,4202404,1.67974,
2020-03-22,SC,Braço do Norte,city,7,0,False,33450,4202800,20.92676,
2020-03-22,SC,Chapecó,city,2,0,False,220367,4204202,0.90758,
2020-03-22,SC,Criciúma,city,7,0,False,215186,4204608,3.253,
2020-03-22,SC,Florianópolis,city,10,0,False,500973,4205407,1.99612,
2020-03-22,SC,Gravatal,city,1,0,False,11501,4206207,8.6949,
2020-03-22,SC,Imbituba,city,2,0,False,44853,4207304,4.45901,
2020-03-22,SC,Itajaí,city,7,0,False,219536,4208203,3.18854,
2020-03-22,SC,Jaguaruna,city,1,0,False,20024,4208807,4.99401,
2020-03-22,SC,Jaraguá do Sul,city,1,0,False,177697,4208906,0.56276,
2020-03-22,SC,Joinville,city,4,0,False,590466,4209102,0.67743,
2020-03-22,SC,Lages,city,1,0,False,157544,4209300,0.63474,
2020-03-22,SC,Navegantes,city,1,0,False,81475,4211306,1.22737,
2020-03-22,SC,Pomerode,city,1,0,False,33447,4213203,2.9898,
2020-03-22,SC,Rancho Queimado,city,2,0,False,2878,4214300,69.4927,
2020-03-22,SC,São José,city,3,0,False,246586,4216602,1.21661,
2020-03-22,SC,Tubarão,city,6,0,False,105686,4218707,5.67719,
2020-03-22,SC,,state,68,0,False,7164788,42,0.94909,
2020-03-22,SP,Barueri,city,1,0,False,274182,3505708,0.36472,
2020-03-22,SP,Campinas,city,1,0,False,1204073,3509502,0.08305,
2020-03-22,SP,Carapicuíba,city,2,0,False,400927,3510609,0.49884,
2020-03-22,SP,Cotia,city,2,0,False,249210,3513009,0.80254,
2020-03-22,SP,Ferraz de Vasconcelos,city,1,0,False,194276,3515707,0.51473,
2020-03-22,SP,Guarulhos,city,1,0,False,1379182,3518800,0.07251,
2020-03-22,SP,Hortolândia,city,2,0,False,230851,3519071,0.86636,
2020-03-22,SP,Importados,city,8,0,False,,,,
2020-03-22,SP,Jaguariúna,city,1,0,False,57488,3524709,1.73949,
2020-03-22,SP,Mauá,city,1,0,False,472912,3529401,0.21146,
2020-03-22,SP,Mogi das Cruzes,city,1,0,False,445842,3530607,0.22429,
2020-03-22,SP,Osasco,city,1,0,False,698418,3534401,0.14318,
2020-03-22,SP,Santana de Parnaíba,city,2,0,False,139447,3547304,1.43424,
2020-03-22,SP,Santo André,city,3,0,False,718773,3547809,0.41738,
2020-03-22,SP,São Bernardo do Campo,city,4,0,False,838936,3548708,0.47679,
2020-03-22,SP,São Caetano do Sul,city,4,0,False,161127,3548807,2.48251,
2020-03-22,SP,São José do Rio Preto,city,1,0,False,460671,3549805,0.21707,
2020-03-22,SP,São José dos Campos,city,1,0,False,721944,3549904,0.13851,
2020-03-22,SP,São Paulo,city,306,22,False,12252023,3550308,2.49755,0.0719
2020-03-22,SP,Suzano,city,1,0,False,297637,3552502,0.33598,
2020-03-22,SP,Taubaté,city,1,0,False,314924,3554102,0.31754,
2020-03-22,SP,,state,631,22,False,45919049,35,1.37416,0.0349
2020-03-22,TO,Palmas,city,5,0,False,299127,1721000,1.67153,
2020-03-22,TO,,state,5,0,False,1572866,17,0.31789,
2020-03-21,AC,Rio Branco,city,11,0,False,407319,1200401,2.70059,
2020-03-21,AC,,state,11,0,False,881935,12,1.24726,
2020-03-21,AL,Maceió,city,7,0,False,1018948,2704302,0.68698,
2020-03-21,AL,,state,7,0,False,3337357,27,0.20975,
2020-03-21,AM,Manaus,city,11,0,False,2182763,1302603,0.50395,
2020-03-21,AM,,state,11,0,False,4144597,13,0.26541,
2020-03-21,AP,Macapá,city,1,0,False,503327,1600303,0.19868,
2020-03-21,AP,,state,1,0,False,845731,16,0.11824,
2020-03-21,BA,Camaçari,city,1,0,False,299132,2905701,0.3343,
2020-03-21,BA,Feira de Santana,city,6,0,False,614872,2910800,0.97581,
2020-03-21,BA,Itabuna,city,1,0,False,213223,2914802,0.46899,
2020-03-21,BA,Lauro de Freitas,city,3,0,False,198440,2919207,1.51179,
2020-03-21,BA,Porto Seguro,city,5,0,False,148686,2925303,3.36279,
2020-03-21,BA,Prado,city,2,0,False,28174,2925501,7.09874,
2020-03-21,BA,Salvador,city,23,0,False,2872347,2927408,0.80074,
2020-03-21,BA,,state,41,0,False,14873064,29,0.27567,
2020-03-21,CE,Aquiraz,city,4,0,False,80271,2301000,4.98312,
2020-03-21,CE,Fortaleza,city,76,0,False,2669342,2304400,2.84714,
2020-03-21,CE,Fortim,city,1,0,False,16480,2304459,6.06796,
2020-03-21,CE,Importados,city,1,0,False,,,,
2020-03-21,CE,Juazeiro do Norte,city,1,0,False,274207,2307304,0.36469,
2020-03-21,CE,Sobral,city,1,0,False,208935,2312908,0.47862,
2020-03-21,CE,,state,84,0,False,9132078,23,0.91983,
2020-03-21,DF,Brasília,city,108,0,False,3015268,5300108,3.58177,
2020-03-21,DF,,state,108,0,False,3015268,53,3.58177,
2020-03-21,ES,Cachoeiro de Itapemirim,city,1,0,False,208972,3201209,0.47853,
2020-03-21,ES,Cariacica,city,1,0,False,381285,3201308,0.26227,
2020-03-21,ES,Linhares,city,2,0,False,173555,3203205,1.15237,
2020-03-21,ES,Vila Velha,city,11,0,False,493838,3205200,2.22745,
2020-03-21,ES,Vitória,city,11,0,False,362097,3205309,3.03786,
2020-03-21,ES,,state,26,0,False,4018650,32,0.64698,
2020-03-21,GO,,state,19,0,False,7018354,52,0.27072,
2020-03-21,MA,São Luís,city,2,0,False,1101884,2111300,0.18151,
2020-03-21,MA,,state,2,0,False,7075181,21,0.02827,
2020-03-21,MG,Belo Horizonte,city,30,0,False,2512070,3106200,1.19423,
2020-03-21,MG,Coronel Fabriciano,city,2,0,False,109855,3119401,1.82058,
2020-03-21,MG,Divinópolis,city,1,0,False,238230,3122306,0.41976,
2020-03-21,MG,Importados,city,2,0,False,,,,
2020-03-21,MG,Ipatinga,city,1,0,False,263410,3131307,0.37964,
2020-03-21,MG,Juiz de Fora,city,4,0,False,568873,3136702,0.70314,
2020-03-21,MG,Mariana,city,1,0,False,60724,3140001,1.6468,
2020-03-21,MG,Nova Lima,city,4,0,False,94889,3144805,4.21545,
2020-03-21,MG,Patrocínio,city,1,0,False,90757,3148103,1.10184,
2020-03-21,MG,Poços de Caldas,city,1,0,False,167397,3151800,0.59738,
2020-03-21,MG,São João del Rei,city,1,0,True,90082,3162500,1.1101,
2020-03-21,MG,Sete Lagoas,city,1,0,False,239639,3167202,0.41729,
2020-03-21,MG,Uberaba,city,3,0,False,333783,3170107,0.89879,
2020-03-21,MG,Uberlândia,city,3,0,False,691305,3170206,0.43396,
2020-03-21,MG,,state,55,0,False,21168791,31,0.25982,
2020-03-21,MS,Campo Grande,city,14,0,False,895982,5002704,1.56253,
2020-03-21,MS,Ponta Porã,city,1,0,False,92526,5006606,1.08078,
2020-03-21,MS,Sidrolândia,city,1,0,False,57665,5007901,1.73415,
2020-03-21,MS,,state,16,0,False,2778986,50,0.57575,
2020-03-21,PA,,state,2,0,False,8602865,15,0.02325,
2020-03-21,PB,João Pessoa,city,1,0,False,809015,2507507,0.12361,
2020-03-21,PB,,state,1,0,False,4018127,25,0.02489,
2020-03-21,PE,Belo Jardim,city,1,0,False,76439,2601706,1.30823,
2020-03-21,PE,Importados,city,4,0,False,,,,
2020-03-21,PE,Jaboatão dos Guararapes,city,3,0,False,702298,2607901,0.42717,
2020-03-21,PE,Recife,city,25,0,False,1645727,2611606,1.51909,
2020-03-21,PE,,state,33,0,False,9557071,26,0.34529,
2020-03-21,PI,Teresina,city,4,0,False,864845,2211001,0.46251,
2020-03-21,PI,,state,4,0,False,3273227,22,0.1222,
2020-03-21,PR,Campo Largo,city,1,0,False,132002,4104204,0.75756,
2020-03-21,PR,Cianorte,city,2,0,False,82620,4105508,2.42072,
2020-03-21,PR,Curitiba,city,31,0,False,1933105,4106902,1.60364,
2020-03-21,PR,Foz do Iguaçu,city,1,0,False,258532,4108304,0.3868,
2020-03-21,PR,Guaíra,city,1,0,False,33119,4108809,3.01941,
2020-03-21,PR,Londrina,city,3,0,False,569733,4113700,0.52656,
2020-03-21,PR,Maringá,city,1,0,False,423666,4115200,0.23603,
2020-03-21,PR,Pato Branco,city,1,0,False,82881,4118501,1.20655,
2020-03-21,PR,Ponta Grossa,city,1,0,False,351736,4119905,0.2843,
2020-03-21,PR,Umuarama,city,1,0,True,111557,4128104,0.8964,
2020-03-21,PR,,state,43,0,False,11433957,41,0.37607,
2020-03-21,RJ,Barra Mansa,city,1,0,False,184412,3300407,0.54226,
2020-03-21,RJ,Guapimirim,city,1,0,False,60517,3301850,1.65243,
2020-03-21,RJ,Importados,city,4,0,False,,,,
2020-03-21,RJ,Miguel Pereira,city,1,1,False,25538,3302908,3.91573,1.0
2020-03-21,RJ,Niterói,city,10,1,False,513584,3303302,1.9471,0.1
2020-03-21,RJ,Petrópolis,city,3,1,False,306191,3303906,0.97978,0.3333
2020-03-21,RJ,Rio de Janeiro,city,99,0,False,6718903,3304557,1.47345,
2020-03-21,RJ,,state,119,3,False,17264943,33,0.68926,0.0252
2020-03-21,RN,Mossoró,city,1,0,False,297378,2408003,0.33627,
2020-03-21,RN,Natal,city,6,0,False,884122,2408102,0.67864,
2020-03-21,RN,Parnamirim,city,2,0,False,261469,2403251,0.76491,
2020-03-21,RN,,state,9,0,False,3506853,24,0.25664,
2020-03-21,RO,Ji-Paraná,city,1,0,False,128969,1100122,0.77538,
2020-03-21,RO,Porto Velho,city,2,0,False,529544,1100205,0.37768,
2020-03-21,RO,,state,3,0,False,1777225,11,0.1688,
2020-03-21,RR,Boa Vista,city,2,0,False,399213,1400100,0.50099,
2020-03-21,RR,,state,2,0,False,605761,14,0.33016,
2020-03-21,RS,Alvorada,city,2,0,False,210305,4300604,0.951,
2020-03-21,RS,Bagé,city,3,0,False,121143,4301602,2.47641,
2020-03-21,RS,Bento Gonçalves,city,2,0,False,120454,4302105,1.66038,
2020-03-21,RS,Campo Bom,city,2,0,False,66712,4303905,2.99796,
2020-03-21,RS,Canoas,city,2,0,False,346616,4304606,0.57701,
2020-03-21,RS,Carlos Barbosa,city,1,0,False,29833,4304804,3.35199,
2020-03-21,RS,Caxias do Sul,city,2,0,False,510906,4305108,0.39146,
2020-03-21,RS,Charqueadas,city,1,0,False,40789,4305355,2.45164,
2020-03-21,RS,Dois Irmãos,city,1,0,False,32671,4306403,3.06082,
2020-03-21,RS,Eldorado do Sul,city,1,0,False,41285,4306767,2.42219,
2020-03-21,RS,Erechim,city,3,0,False,105862,4307005,2.83388,
2020-03-21,RS,Estrela,city,1,0,False,34116,4307807,2.93118,
2020-03-21,RS,Farroupilha,city,1,0,False,72331,4307906,1.38253,
2020-03-21,RS,Ivoti,city,2,0,False,24293,4310801,8.23282,
2020-03-21,RS,Lajeado,city,1,0,False,84014,4311403,1.19028,
2020-03-21,RS,Porto Alegre,city,35,0,False,1483771,4314902,2.35885,
2020-03-21,RS,Sant'Ana do Livramento,city,2,0,False,77027,4317103,2.59649,
2020-03-21,RS,São Leopoldo,city,1,0,False,236835,4318705,0.42223,
2020-03-21,RS,Sapiranga,city,2,0,False,81734,4319901,2.44696,
2020-03-21,RS,Serafina Corrêa,city,1,0,False,17502,4320404,5.71363,
2020-03-21,RS,Taquara,city,2,0,False,57466,4321204,3.48032,
2020-03-21,RS,Torres,city,1,0,False,38732,4321501,2.58184,
2020-03-21,RS,,state,69,0,False,11377239,43,0.60647,
2020-03-21,SC,Balneário Camboriú,city,6,0,False,142295,4202008,4.21659,
2020-03-21,SC,Braço do Norte,city,6,0,False,33450,4202800,17.93722,
2020-03-21,SC,Chapecó,city,2,0,False,220367,4204202,0.90758,
2020-03-21,SC,Criciúma,city,6,0,False,215186,4204608,2.78829,
2020-03-21,SC,Florianópolis,city,10,0,False,500973,4205407,1.99612,
2020-03-21,SC,Gravatal,city,1,0,False,11501,4206207,8.6949,
2020-03-21,SC,Imbituba,city,2,0,False,44853,4207304,4.45901,
2020-03-21,SC,Itajaí,city,6,0,False,219536,4208203,2.73304,
2020-03-21,SC,Jaguaruna,city,1,0,False,20024,4208807,4.99401,
2020-03-21,SC,Jaraguá do Sul,city,1,0,False,177697,4208906,0.56276,
2020-03-21,SC,Joinville,city,4,0,False,590466,4209102,0.67743,
2020-03-21,SC,Navegantes,city,1,0,False,81475,4211306,1.22737,
2020-03-21,SC,Pomerode,city,1,0,False,33447,4213203,2.9898,
2020-03-21,SC,Rancho Queimado,city,2,0,False,2878,4214300,69.4927,
2020-03-21,SC,São José,city,2,0,False,246586,4216602,0.81108,
2020-03-21,SC,Tubarão,city,6,0,False,105686,4218707,5.67719,
2020-03-21,SC,,state,57,0,False,7164788,42,0.79556,
2020-03-21,SE,Aracaju,city,7,0,False,657013,2800308,1.06543,
2020-03-21,SE,Nossa Senhora da Glória,city,1,0,False,36924,2804508,2.70827,
2020-03-21,SE,,state,10,0,False,2298696,28,0.43503,
2020-03-21,SP,Barueri,city,1,0,False,274182,3505708,0.36472,
2020-03-21,SP,Campinas,city,1,0,False,1204073,3509502,0.08305,
2020-03-21,SP,Carapicuíba,city,2,0,False,400927,3510609,0.49884,
2020-03-21,SP,Cotia,city,2,0,False,249210,3513009,0.80254,
2020-03-21,SP,Ferraz de Vasconcelos,city,1,0,False,194276,3515707,0.51473,
2020-03-21,SP,Guarulhos,city,1,0,False,1379182,3518800,0.07251,
2020-03-21,SP,Hortolândia,city,2,0,False,230851,3519071,0.86636,
2020-03-21,SP,Importados,city,8,0,False,,,,
2020-03-21,SP,Jaguariúna,city,1,0,False,57488,3524709,1.73949,
2020-03-21,SP,Mauá,city,1,0,False,472912,3529401,0.21146,
2020-03-21,SP,Mogi das Cruzes,city,1,0,False,445842,3530607,0.22429,
2020-03-21,SP,Osasco,city,1,0,False,698418,3534401,0.14318,
2020-03-21,SP,Santana de Parnaíba,city,2,0,False,139447,3547304,1.43424,
2020-03-21,SP,Santo André,city,3,0,False,718773,3547809,0.41738,
2020-03-21,SP,São Bernardo do Campo,city,4,0,False,838936,3548708,0.47679,
2020-03-21,SP,São Caetano do Sul,city,4,0,False,161127,3548807,2.48251,
2020-03-21,SP,São José do Rio Preto,city,1,0,False,460671,3549805,0.21707,
2020-03-21,SP,São José dos Campos,city,1,0,False,721944,3549904,0.13851,
2020-03-21,SP,São Paulo,city,306,15,False,12252023,3550308,2.49755,0.049
2020-03-21,SP,Suzano,city,1,0,False,297637,3552502,0.33598,
2020-03-21,SP,Taubaté,city,1,0,False,314924,3554102,0.31754,
2020-03-21,SP,,state,396,15,False,45919049,35,0.86239,0.0379
2020-03-21,TO,Palmas,city,2,0,False,299127,1721000,0.66861,
2020-03-21,TO,,state,2,0,False,1572866,17,0.12716,
2020-03-20,AC,Rio Branco,city,7,0,False,407319,1200401,1.71855,
2020-03-20,AC,,state,7,0,False,881935,12,0.79371,
2020-03-20,AL,Maceió,city,6,0,False,1018948,2704302,0.58884,
2020-03-20,AL,,state,6,0,False,3337357,27,0.17978,
2020-03-20,AM,Manaus,city,7,0,False,2182763,1302603,0.32069,
2020-03-20,AM,,state,7,0,False,4144597,13,0.16889,
2020-03-20,AP,Macapá,city,1,0,False,503327,1600303,0.19868,
2020-03-20,AP,,state,1,0,False,845731,16,0.11824,
2020-03-20,BA,Camaçari,city,1,0,False,299132,2905701,0.3343,
2020-03-20,BA,Feira de Santana,city,6,0,False,614872,2910800,0.97581,
2020-03-20,BA,Itabuna,city,1,0,False,213223,2914802,0.46899,
2020-03-20,BA,Lauro de Freitas,city,3,0,False,198440,2919207,1.51179,
2020-03-20,BA,Porto Seguro,city,4,0,False,148686,2925303,2.69023,
2020-03-20,BA,Prado,city,1,0,False,28174,2925501,3.54937,
2020-03-20,BA,Salvador,city,18,0,False,2872347,2927408,0.62667,
2020-03-20,BA,,state,34,0,False,14873064,29,0.2286,
2020-03-20,CE,Aquiraz,city,1,0,False,80271,2301000,1.24578,
2020-03-20,CE,Fortaleza,city,63,0,False,2669342,2304400,2.36013,
2020-03-20,CE,Fortim,city,1,0,False,16480,2304459,6.06796,
2020-03-20,CE,Importados,city,1,0,False,,,,
2020-03-20,CE,Juazeiro do Norte,city,1,0,False,274207,2307304,0.36469,
2020-03-20,CE,Sobral,city,1,0,False,208935,2312908,0.47862,
2020-03-20,CE,,state,68,0,False,9132078,23,0.74463,
2020-03-20,DF,Brasília,city,87,0,False,3015268,5300108,2.88532,
2020-03-20,DF,,state,87,0,False,3015268,53,2.88532,
2020-03-20,ES,Cachoeiro de Itapemirim,city,1,0,False,208972,3201209,0.47853,
2020-03-20,ES,Cariacica,city,1,0,False,381285,3201308,0.26227,
2020-03-20,ES,Linhares,city,1,0,False,173555,3203205,0.57619,
2020-03-20,ES,Vila Velha,city,7,0,False,493838,3205200,1.41747,
2020-03-20,ES,Vitória,city,6,0,False,362097,3205309,1.65701,
2020-03-20,ES,,state,16,0,False,4018650,32,0.39814,
2020-03-20,GO,Anápolis,city,2,0,False,386923,5201108,0.5169,
2020-03-20,GO,Aparecida de Goiânia,city,2,0,False,578179,5201405,0.34591,
2020-03-20,GO,Goiânia,city,9,0,False,1516113,5208707,0.59362,
2020-03-20,GO,Importados,city,1,0,True,,,,
2020-03-20,GO,Jataí,city,1,0,False,100882,5211909,0.99126,
2020-03-20,GO,Rio Verde,city,3,0,False,235647,5218805,1.27309,
2020-03-20,GO,,state,18,0,False,7018354,52,0.25647,
2020-03-20,MA,São Luís,city,1,0,False,1101884,2111300,0.09075,
2020-03-20,MA,,state,1,0,False,7075181,21,0.01413,
2020-03-20,MG,Belo Horizonte,city,20,0,False,2512070,3106200,0.79616,
2020-03-20,MG,Coronel Fabriciano,city,1,0,False,109855,3119401,0.91029,
2020-03-20,MG,Divinópolis,city,1,0,False,238230,3122306,0.41976,
2020-03-20,MG,Ipatinga,city,1,0,False,263410,3131307,0.37964,
2020-03-20,MG,Juiz de Fora,city,5,0,False,568873,3136702,0.87893,
2020-03-20,MG,Mariana,city,1,0,False,60724,3140001,1.6468,
2020-03-20,MG,Nova Lima,city,4,0,False,94889,3144805,4.21545,
2020-03-20,MG,Patrocínio,city,1,0,False,90757,3148103,1.10184,
2020-03-20,MG,Poços de Caldas,city,1,0,False,167397,3151800,0.59738,
2020-03-20,MG,Sete Lagoas,city,1,0,False,239639,3167202,0.41729,
2020-03-20,MG,Uberaba,city,1,0,False,333783,3170107,0.2996,
2020-03-20,MG,Uberlândia,city,1,0,False,691305,3170206,0.14465,
2020-03-20,MG,,state,38,0,False,21168791,31,0.17951,
2020-03-20,MS,Campo Grande,city,11,0,False,895982,5002704,1.2277,
2020-03-20,MS,Sidrolândia,city,1,0,False,57665,5007901,1.73415,
2020-03-20,MS,,state,12,0,False,2778986,50,0.43181,
2020-03-20,MT,Cuiabá,city,1,0,False,612547,5103403,0.16325,
2020-03-20,MT,,state,1,0,False,3484466,51,0.0287,
2020-03-20,PB,João Pessoa,city,1,0,False,809015,2507507,0.12361,
2020-03-20,PB,,state,1,0,False,4018127,25,0.02489,
2020-03-20,PE,,state,31,0,False,9557071,26,0.32437,
2020-03-20,PI,Teresina,city,4,0,False,864845,2211001,0.46251,
2020-03-20,PI,,state,4,0,False,3273227,22,0.1222,
2020-03-20,PR,Campo Largo,city,1,0,False,132002,4104204,0.75756,
2020-03-20,PR,Cianorte,city,2,0,False,82620,4105508,2.42072,
2020-03-20,PR,Curitiba,city,27,0,False,1933105,4106902,1.39672,
2020-03-20,PR,Foz do Iguaçu,city,1,0,False,258532,4108304,0.3868,
2020-03-20,PR,Guaíra,city,1,0,False,33119,4108809,3.01941,
2020-03-20,PR,Londrina,city,3,0,False,569733,4113700,0.52656,
2020-03-20,PR,Maringá,city,1,0,False,423666,4115200,0.23603,
2020-03-20,PR,,state,36,0,False,11433957,41,0.31485,
2020-03-20,RN,Natal,city,5,0,False,884122,2408102,0.56553,
2020-03-20,RN,Parnamirim,city,1,0,False,261469,2403251,0.38245,
2020-03-20,RN,,state,6,0,False,3506853,24,0.17109,
2020-03-20,RO,Ji-Paraná,city,1,0,False,128969,1100122,0.77538,
2020-03-20,RO,,state,1,0,False,1777225,11,0.05627,
2020-03-20,RS,Alvorada,city,1,0,False,210305,4300604,0.4755,
2020-03-20,RS,Bagé,city,2,0,False,121143,4301602,1.65094,
2020-03-20,RS,Campo Bom,city,2,0,False,66712,4303905,2.99796,
2020-03-20,RS,Caxias do Sul,city,2,0,False,510906,4305108,0.39146,
2020-03-20,RS,Erechim,city,3,0,False,105862,4307005,2.83388,
2020-03-20,RS,Farroupilha,city,1,0,False,72331,4307906,1.38253,
2020-03-20,RS,Ivoti,city,2,0,False,24293,4310801,8.23282,
2020-03-20,RS,Porto Alegre,city,25,0,False,1483771,4314902,1.6849,
2020-03-20,RS,Sant'Ana do Livramento,city,2,0,False,77027,4317103,2.59649,
2020-03-20,RS,Sapiranga,city,2,0,False,81734,4319901,2.44696,
2020-03-20,RS,Taquara,city,1,0,False,57466,4321204,1.74016,
2020-03-20,RS,,state,43,0,False,11377239,43,0.37795,
2020-03-20,SC,Balneário Camboriú,city,4,0,False,142295,4202008,2.81106,
2020-03-20,SC,Braço do Norte,city,4,0,False,33450,4202800,11.95815,
2020-03-20,SC,Chapecó,city,1,0,False,220367,4204202,0.45379,
2020-03-20,SC,Criciúma,city,3,0,False,215186,4204608,1.39414,
2020-03-20,SC,Florianópolis,city,10,0,False,500973,4205407,1.99612,
2020-03-20,SC,Imbituba,city,2,0,False,44853,4207304,4.45901,
2020-03-20,SC,Jaraguá do Sul,city,1,0,False,177697,4208906,0.56276,
2020-03-20,SC,Joinville,city,3,0,False,590466,4209102,0.50807,
2020-03-20,SC,Navegantes,city,1,0,False,81475,4211306,1.22737,
2020-03-20,SC,Pomerode,city,1,0,False,33447,4213203,2.9898,
2020-03-20,SC,Rancho Queimado,city,2,0,False,2878,4214300,69.4927,
2020-03-20,SC,São José,city,1,0,False,246586,4216602,0.40554,
2020-03-20,SC,Tubarão,city,6,0,False,105686,4218707,5.67719,
2020-03-20,SC,,state,40,0,False,7164788,42,0.55829,
2020-03-20,SE,Aracaju,city,5,0,False,657013,2800308,0.76102,
2020-03-20,SE,Propriá,city,2,0,False,29626,2805703,6.75083,
2020-03-20,SE,,state,7,0,False,2298696,28,0.30452,
2020-03-20,SP,Barueri,city,1,0,False,274182,3505708,0.36472,
2020-03-20,SP,Campinas,city,1,0,False,1204073,3509502,0.08305,
2020-03-20,SP,Carapicuíba,city,2,0,False,400927,3510609,0.49884,
2020-03-20,SP,Cotia,city,2,0,False,249210,3513009,0.80254,
2020-03-20,SP,Ferraz de Vasconcelos,city,1,0,False,194276,3515707,0.51473,
2020-03-20,SP,Guarulhos,city,1,0,False,1379182,3518800,0.07251,
2020-03-20,SP,Hortolândia,city,1,0,False,230851,3519071,0.43318,
2020-03-20,SP,Importados,city,8,0,False,,,,
2020-03-20,SP,Jaguariúna,city,1,0,False,57488,3524709,1.73949,
2020-03-20,SP,Mauá,city,1,0,False,472912,3529401,0.21146,
2020-03-20,SP,Mogi das Cruzes,city,1,0,False,445842,3530607,0.22429,
2020-03-20,SP,Osasco,city,1,0,False,698418,3534401,0.14318,
2020-03-20,SP,Santana de Parnaíba,city,2,0,False,139447,3547304,1.43424,
2020-03-20,SP,Santo André,city,3,0,False,718773,3547809,0.41738,
2020-03-20,SP,São Bernardo do Campo,city,4,0,False,838936,3548708,0.47679,
2020-03-20,SP,São Caetano do Sul,city,4,0,False,161127,3548807,2.48251,
2020-03-20,SP,São José do Rio Preto,city,1,0,False,460671,3549805,0.21707,
2020-03-20,SP,São José dos Campos,city,1,0,False,721944,3549904,0.13851,
2020-03-20,SP,São Paulo,city,306,9,False,12252023,3550308,2.49755,0.0294
2020-03-20,SP,Suzano,city,1,0,False,297637,3552502,0.33598,
2020-03-20,SP,Taubaté,city,1,0,False,314924,3554102,0.31754,
2020-03-20,SP,,state,396,9,False,45919049,35,0.86239,0.0227
2020-03-20,TO,Palmas,city,1,0,False,299127,1721000,0.33431,
2020-03-20,TO,,state,1,0,False,1572866,17,0.06358,
2020-03-19,AC,Rio Branco,city,4,0,False,407319,1200401,0.98203,
2020-03-19,AC,,state,4,0,False,881935,12,0.45355,
2020-03-19,AL,Maceió,city,4,0,False,1018948,2704302,0.39256,
2020-03-19,AL,,state,4,0,False,3337357,27,0.11986,
2020-03-19,AM,Manaus,city,3,0,False,2182763,1302603,0.13744,
2020-03-19,AM,,state,3,0,False,4144597,13,0.07238,
2020-03-19,BA,Feira de Santana,city,5,0,False,614872,2910800,0.81318,
2020-03-19,BA,Itabuna,city,1,0,False,213223,2914802,0.46899,
2020-03-19,BA,Lauro de Freitas,city,2,0,False,198440,2919207,1.00786,
2020-03-19,BA,Porto Seguro,city,4,0,False,148686,2925303,2.69023,
2020-03-19,BA,Prado,city,1,0,False,28174,2925501,3.54937,
2020-03-19,BA,Salvador,city,18,0,False,2872347,2927408,0.62667,
2020-03-19,BA,,state,31,0,False,14873064,29,0.20843,
2020-03-19,CE,Importados,city,1,0,False,,,,
2020-03-19,CE,,state,24,0,False,9132078,23,0.26281,
2020-03-19,DF,Brasília,city,42,0,False,3015268,5300108,1.39291,
2020-03-19,DF,,state,42,0,False,3015268,53,1.39291,
2020-03-19,ES,Linhares,city,1,0,False,173555,3203205,0.57619,
2020-03-19,ES,Vila Velha,city,7,0,False,493838,3205200,1.41747,
2020-03-19,ES,Vitória,city,5,0,False,362097,3205309,1.38085,
2020-03-19,ES,,state,13,0,False,4018650,32,0.32349,
2020-03-19,GO,Anápolis,city,2,0,False,386923,5201108,0.5169,
2020-03-19,GO,Aparecida de Goiânia,city,1,0,False,578179,5201405,0.17296,
2020-03-19,GO,Goiânia,city,7,0,False,1516113,5208707,0.46171,
2020-03-19,GO,Importados,city,1,0,False,,,,
2020-03-19,GO,Jataí,city,1,0,False,100882,5211909,0.99126,
2020-03-19,GO,Rio Verde,city,3,0,False,235647,5218805,1.27309,
2020-03-19,GO,,state,15,0,False,7018354,52,0.21373,
2020-03-19,MG,Belo Horizonte,city,18,0,False,2512070,3106200,0.71654,
2020-03-19,MG,Coronel Fabriciano,city,1,0,False,109855,3119401,0.91029,
2020-03-19,MG,Divinópolis,city,1,0,False,238230,3122306,0.41976,
2020-03-19,MG,Ipatinga,city,1,0,False,263410,3131307,0.37964,
2020-03-19,MG,Juiz de Fora,city,2,0,False,568873,3136702,0.35157,
2020-03-19,MG,Nova Lima,city,2,0,False,94889,3144805,2.10773,
2020-03-19,MG,Patrocínio,city,1,0,False,90757,3148103,1.10184,
2020-03-19,MG,Sete Lagoas,city,1,0,False,239639,3167202,0.41729,
2020-03-19,MG,Uberlândia,city,2,0,False,691305,3170206,0.28931,
2020-03-19,MG,,state,29,0,False,21168791,31,0.13699,
2020-03-19,MS,Campo Grande,city,8,0,False,895982,5002704,0.89288,
2020-03-19,MS,Sidrolândia,city,1,0,False,57665,5007901,1.73415,
2020-03-19,MS,,state,9,0,False,2778986,50,0.32386,
2020-03-19,PB,João Pessoa,city,1,0,False,809015,2507507,0.12361,
2020-03-19,PB,,state,1,0,False,4018127,25,0.02489,
2020-03-19,PE,,state,28,0,False,9557071,26,0.29298,
2020-03-19,PI,Teresina,city,3,0,False,864845,2211001,0.34688,
2020-03-19,PI,,state,3,0,False,3273227,22,0.09165,
2020-03-19,PR,Campo Largo,city,1,0,False,132002,4104204,0.75756,
2020-03-19,PR,Cianorte,city,2,0,False,82620,4105508,2.42072,
2020-03-19,PR,Curitiba,city,17,0,False,1933105,4106902,0.87941,
2020-03-19,PR,Foz do Iguaçu,city,1,0,False,258532,4108304,0.3868,
2020-03-19,PR,Londrina,city,1,0,False,569733,4113700,0.17552,
2020-03-19,PR,Maringá,city,1,0,False,423666,4115200,0.23603,
2020-03-19,PR,,state,23,0,False,11433957,41,0.20116,
2020-03-19,RJ,Barra Mansa,city,1,0,False,184412,3300407,0.54226,
2020-03-19,RJ,Guapimirim,city,1,0,False,60517,3301850,1.65243,
2020-03-19,RJ,Miguel Pereira,city,1,1,False,25538,3302908,3.91573,1.0
2020-03-19,RJ,Niterói,city,7,1,False,513584,3303302,1.36297,0.1429
2020-03-19,RJ,Rio de Janeiro,city,56,0,False,6718903,3304557,0.83347,
2020-03-19,RJ,,state,66,2,False,17264943,33,0.38228,0.0303
2020-03-19,RS,Alvorada,city,1,0,False,210305,4300604,0.4755,
2020-03-19,RS,Bagé,city,2,0,False,121143,4301602,1.65094,
2020-03-19,RS,Campo Bom,city,2,0,False,66712,4303905,2.99796,
2020-03-19,RS,Caxias do Sul,city,2,0,False,510906,4305108,0.39146,
2020-03-19,RS,Erechim,city,1,0,False,105862,4307005,0.94463,
2020-03-19,RS,Farroupilha,city,1,0,False,72331,4307906,1.38253,
2020-03-19,RS,Porto Alegre,city,20,0,False,1483771,4314902,1.34792,
2020-03-19,RS,Sapiranga,city,1,0,False,81734,4319901,1.22348,
2020-03-19,RS,Taquara,city,1,0,False,57466,4321204,1.74016,
2020-03-19,RS,,state,31,0,False,11377239,43,0.27247,
2020-03-19,SC,Balneário Camboriú,city,4,0,False,142295,4202008,2.81106,
2020-03-19,SC,Braço do Norte,city,4,0,False,33450,4202800,11.95815,
2020-03-19,SC,Florianópolis,city,6,0,False,500973,4205407,1.19767,
2020-03-19,SC,Joinville,city,2,0,False,590466,4209102,0.33872,
2020-03-19,SC,Rancho Queimado,city,2,0,False,2878,4214300,69.4927,
2020-03-19,SC,São José,city,1,0,False,246586,4216602,0.40554,
2020-03-19,SC,Tubarão,city,2,0,False,105686,4218707,1.8924,
2020-03-19,SC,,state,21,0,False,7164788,42,0.2931,
2020-03-19,SP,Barueri,city,1,0,False,274182,3505708,0.36472,
2020-03-19,SP,Campinas,city,1,0,False,1204073,3509502,0.08305,
2020-03-19,SP,Carapicuíba,city,2,0,False,400927,3510609,0.49884,
2020-03-19,SP,Cotia,city,2,0,False,249210,3513009,0.80254,
2020-03-19,SP,Ferraz de Vasconcelos,city,1,0,False,194276,3515707,0.51473,
2020-03-19,SP,Guarulhos,city,1,0,False,1379182,3518800,0.07251,
2020-03-19,SP,Importados,city,4,0,False,,,,
2020-03-19,SP,Jaguariúna,city,1,0,False,57488,3524709,1.73949,
2020-03-19,SP,Mauá,city,1,0,False,472912,3529401,0.21146,
2020-03-19,SP,Santana de Parnaíba,city,1,0,False,139447,3547304,0.71712,
2020-03-19,SP,Santo André,city,2,0,False,718773,3547809,0.27825,
2020-03-19,SP,São Bernardo do Campo,city,3,0,False,838936,3548708,0.3576,
2020-03-19,SP,São Caetano do Sul,city,1,0,False,161127,3548807,0.62063,
2020-03-19,SP,São José do Rio Preto,city,1,0,False,460671,3549805,0.21707,
2020-03-19,SP,São Paulo,city,259,5,False,12252023,3550308,2.11394,0.0193
2020-03-19,SP,Suzano,city,1,0,False,297637,3552502,0.33598,
2020-03-19,SP,Taubaté,city,1,0,False,314924,3554102,0.31754,
2020-03-19,SP,Vargem Grande Paulista,city,1,0,True,52597,3556453,1.90125,
2020-03-19,SP,,state,286,5,False,45919049,35,0.62284,0.0175
2020-03-18,AC,Rio Branco,city,3,0,False,407319,1200401,0.73652,
2020-03-18,AC,,state,3,0,False,881935,12,0.34016,
2020-03-18,AL,Maceió,city,1,0,False,1018948,2704302,0.09814,
2020-03-18,AL,,state,1,0,False,3337357,27,0.02996,
2020-03-18,AM,Manaus,city,2,0,False,2182763,1302603,0.09163,
2020-03-18,AM,,state,2,0,False,4144597,13,0.04826,
2020-03-18,BA,Feira de Santana,city,5,0,False,614872,2910800,0.81318,
2020-03-18,BA,Porto Seguro,city,4,0,False,148686,2925303,2.69023,
2020-03-18,BA,Prado,city,1,0,False,28174,2925501,3.54937,
2020-03-18,BA,Salvador,city,17,0,False,2872347,2927408,0.59185,
2020-03-18,BA,,state,27,0,False,14873064,29,0.18154,
2020-03-18,CE,Aquiraz,city,1,0,False,80271,2301000,1.24578,
2020-03-18,CE,Fortaleza,city,17,0,False,2669342,2304400,0.63686,
2020-03-18,CE,Importados,city,0,1,False,,,,
2020-03-18,CE,Sobral,city,1,0,False,208935,2312908,0.47862,
2020-03-18,CE,,state,20,0,False,9132078,23,0.21901,
2020-03-18,DF,Brasília,city,34,0,False,3015268,5300108,1.12759,
2020-03-18,DF,,state,34,0,False,3015268,53,1.12759,
2020-03-18,ES,,state,11,0,False,4018650,32,0.27372,
2020-03-18,GO,Anápolis,city,2,0,False,386923,5201108,0.5169,
2020-03-18,GO,Aparecida de Goiânia,city,1,0,False,578179,5201405,0.17296,
2020-03-18,GO,Goiânia,city,5,0,False,1516113,5208707,0.32979,
2020-03-18,GO,Jataí,city,1,0,False,100882,5211909,0.99126,
2020-03-18,GO,Rio Verde,city,3,0,False,235647,5218805,1.27309,
2020-03-18,GO,,state,12,0,False,7018354,52,0.17098,
2020-03-18,MG,Belo Horizonte,city,10,0,False,2512070,3106200,0.39808,
2020-03-18,MG,Coronel Fabriciano,city,1,0,False,109855,3119401,0.91029,
2020-03-18,MG,Divinópolis,city,1,0,False,238230,3122306,0.41976,
2020-03-18,MG,Ipatinga,city,1,0,False,263410,3131307,0.37964,
2020-03-18,MG,Juiz de Fora,city,2,0,False,568873,3136702,0.35157,
2020-03-18,MG,Nova Lima,city,1,0,False,94889,3144805,1.05386,
2020-03-18,MG,Patrocínio,city,1,0,False,90757,3148103,1.10184,
2020-03-18,MG,Sete Lagoas,city,1,0,False,239639,3167202,0.41729,
2020-03-18,MG,Uberlândia,city,1,0,False,691305,3170206,0.14465,
2020-03-18,MG,,state,19,0,False,21168791,31,0.08975,
2020-03-18,MS,Campo Grande,city,7,0,False,895982,5002704,0.78127,
2020-03-18,MS,,state,7,0,False,2778986,50,0.25189,
2020-03-18,PB,João Pessoa,city,1,0,False,809015,2507507,0.12361,
2020-03-18,PB,,state,1,0,False,4018127,25,0.02489,
2020-03-18,PE,Belo Jardim,city,1,0,False,76439,2601706,1.30823,
2020-03-18,PE,Importados,city,3,0,False,,,,
2020-03-18,PE,Jaboatão dos Guararapes,city,1,0,False,702298,2607901,0.14239,
2020-03-18,PE,Recife,city,14,0,False,1645727,2611606,0.85069,
2020-03-18,PE,,state,19,0,False,9557071,26,0.19881,
2020-03-18,PR,Campo Largo,city,1,0,False,132002,4104204,0.75756,
2020-03-18,PR,Cianorte,city,2,0,False,82620,4105508,2.42072,
2020-03-18,PR,Curitiba,city,8,0,False,1933105,4106902,0.41384,
2020-03-18,PR,Foz do Iguaçu,city,1,0,False,258532,4108304,0.3868,
2020-03-18,PR,Londrina,city,1,0,False,569733,4113700,0.17552,
2020-03-18,PR,Maringá,city,1,0,False,423666,4115200,0.23603,
2020-03-18,PR,,state,14,0,False,11433957,41,0.12244,
2020-03-18,RJ,Barra Mansa,city,1,0,False,184412,3300407,0.54226,
2020-03-18,RJ,Guapimirim,city,1,0,False,60517,3301850,1.65243,
2020-03-18,RJ,Niterói,city,6,0,False,513584,3303302,1.16826,
2020-03-18,RJ,Rio de Janeiro,city,55,0,False,6718903,3304557,0.81859,
2020-03-18,RJ,,state,63,0,False,17264943,33,0.3649,
2020-03-18,RN,Natal,city,1,0,False,884122,2408102,0.11311,
2020-03-18,RN,,state,1,0,False,3506853,24,0.02852,
2020-03-18,RS,Campo Bom,city,1,0,False,66712,4303905,1.49898,
2020-03-18,RS,Caxias do Sul,city,2,0,False,510906,4305108,0.39146,
2020-03-18,RS,Porto Alegre,city,15,0,False,1483771,4314902,1.01094,
2020-03-18,RS,Sapiranga,city,1,0,False,81734,4319901,1.22348,
2020-03-18,RS,,state,19,0,False,11377239,43,0.167,
2020-03-18,SC,Balneário Camboriú,city,2,0,False,142295,4202008,1.40553,
2020-03-18,SC,Braço do Norte,city,2,0,False,33450,4202800,5.97907,
2020-03-18,SC,Florianópolis,city,5,0,False,500973,4205407,0.99806,
2020-03-18,SC,Joinville,city,1,0,False,590466,4209102,0.16936,
2020-03-18,SC,Rancho Queimado,city,2,0,False,2878,4214300,69.4927,
2020-03-18,SC,Tubarão,city,2,0,False,105686,4218707,1.8924,
2020-03-18,SC,,state,14,0,False,7164788,42,0.1954,
2020-03-18,SE,Aracaju,city,5,0,False,657013,2800308,0.76102,
2020-03-18,SE,Propriá,city,1,0,False,29626,2805703,3.37541,
2020-03-18,SE,,state,6,0,False,2298696,28,0.26102,
2020-03-18,SP,Barueri,city,1,0,False,274182,3505708,0.36472,
2020-03-18,SP,Campinas,city,1,0,False,1204073,3509502,0.08305,
2020-03-18,SP,Cotia,city,1,0,False,249210,3513009,0.40127,
2020-03-18,SP,Ferraz de Vasconcelos,city,1,0,False,194276,3515707,0.51473,
2020-03-18,SP,Guarulhos,city,1,0,False,1379182,3518800,0.07251,
2020-03-18,SP,Jaguariúna,city,1,0,False,57488,3524709,1.73949,
2020-03-18,SP,Mauá,city,1,0,False,472912,3529401,0.21146,
2020-03-18,SP,Osasco,city,1,0,False,698418,3534401,0.14318,
2020-03-18,SP,Santana de Parnaíba,city,1,0,False,139447,3547304,0.71712,
2020-03-18,SP,Santo André,city,6,0,False,718773,3547809,0.83476,
2020-03-18,SP,São Bernardo do Campo,city,3,0,False,838936,3548708,0.3576,
2020-03-18,SP,São Caetano do Sul,city,6,0,False,161127,3548807,3.72377,
2020-03-18,SP,São José do Rio Preto,city,1,0,False,460671,3549805,0.21707,
2020-03-18,SP,São José dos Campos,city,1,0,False,721944,3549904,0.13851,
2020-03-18,SP,São Paulo,city,214,0,False,12252023,3550308,1.74665,
2020-03-18,SP,,state,240,3,False,45919049,35,0.52266,0.0125
2020-03-18,TO,Palmas,city,1,0,False,299127,1721000,0.33431,
2020-03-17,AC,Rio Branco,city,3,0,False,407319,1200401,0.73652,
2020-03-17,AC,,state,3,0,False,881935,12,0.34016,
2020-03-17,AL,Maceió,city,1,0,False,1018948,2704302,0.09814,
2020-03-17,AL,,state,1,0,False,3337357,27,0.02996,
2020-03-17,BA,Feira de Santana,city,5,0,False,614872,2910800,0.81318,
2020-03-17,BA,Porto Seguro,city,3,0,False,148686,2925303,2.01767,
2020-03-17,BA,Prado,city,1,0,False,28174,2925501,3.54937,
2020-03-17,BA,Salvador,city,5,0,False,2872347,2927408,0.17407,
2020-03-17,BA,,state,14,0,False,14873064,29,0.09413,
2020-03-17,CE,Aquiraz,city,1,0,False,80271,2301000,1.24578,
2020-03-17,CE,Fortaleza,city,9,0,False,2669342,2304400,0.33716,
2020-03-17,CE,Importados,city,1,0,False,,,,
2020-03-17,CE,,state,11,0,False,9132078,23,0.12045,
2020-03-17,ES,,state,8,0,False,4018650,32,0.19907,
2020-03-17,GO,Anápolis,city,2,0,False,386923,5201108,0.5169,
2020-03-17,GO,Goiânia,city,5,0,False,1516113,5208707,0.32979,
2020-03-17,GO,Rio Verde,city,3,0,False,235647,5218805,1.27309,
2020-03-17,GO,,state,10,0,False,7018354,52,0.14248,
2020-03-17,MG,Belo Horizonte,city,5,0,False,2512070,3106200,0.19904,
2020-03-17,MG,Coronel Fabriciano,city,1,0,False,109855,3119401,0.91029,
2020-03-17,MG,Divinópolis,city,1,0,False,238230,3122306,0.41976,
2020-03-17,MG,Ipatinga,city,1,0,False,263410,3131307,0.37964,
2020-03-17,MG,Juiz de Fora,city,2,0,False,568873,3136702,0.35157,
2020-03-17,MG,Nova Lima,city,1,0,False,94889,3144805,1.05386,
2020-03-17,MG,Patrocínio,city,1,0,False,90757,3148103,1.10184,
2020-03-17,MG,Sete Lagoas,city,1,0,False,239639,3167202,0.41729,
2020-03-17,MG,Uberlândia,city,1,0,False,691305,3170206,0.14465,
2020-03-17,MG,,state,14,0,False,21168791,31,0.06614,
2020-03-17,MS,Campo Grande,city,6,0,False,895982,5002704,0.66966,
2020-03-17,MS,,state,6,0,False,2778986,50,0.21591,
2020-03-17,PE,Belo Jardim,city,1,0,False,76439,2601706,1.30823,
2020-03-17,PE,Importados,city,2,0,False,,,,
2020-03-17,PE,Jaboatão dos Guararapes,city,2,0,False,702298,2607901,0.28478,
2020-03-17,PE,Recife,city,13,0,False,1645727,2611606,0.78992,
2020-03-17,PE,,state,18,0,False,9557071,26,0.18834,
2020-03-17,PR,Campo Largo,city,1,0,False,132002,4104204,0.75756,
2020-03-17,PR,Cianorte,city,2,0,False,82620,4105508,2.42072,
2020-03-17,PR,Curitiba,city,7,0,False,1933105,4106902,0.36211,
2020-03-17,PR,Londrina,city,1,0,False,569733,4113700,0.17552,
2020-03-17,PR,Pinhais,city,1,0,False,132157,4119152,0.75668,
2020-03-17,PR,,state,12,0,False,11433957,41,0.10495,
2020-03-17,SC,Braço do Norte,city,1,0,False,33450,4202800,2.98954,
2020-03-17,SC,Florianópolis,city,3,0,False,500973,4205407,0.59883,
2020-03-17,SC,Joinville,city,1,0,False,590466,4209102,0.16936,
2020-03-17,SC,Rancho Queimado,city,2,0,False,2878,4214300,69.4927,
2020-03-17,SC,,state,7,0,False,7164788,42,0.0977,
2020-03-17,SP,Carapicuíba,city,1,0,False,400927,3510609,0.24942,
2020-03-17,SP,Ferraz de Vasconcelos,city,1,0,False,194276,3515707,0.51473,
2020-03-17,SP,Guarulhos,city,1,0,False,1379182,3518800,0.07251,
2020-03-17,SP,Mauá,city,1,0,False,472912,3529401,0.21146,
2020-03-17,SP,Santana de Parnaíba,city,1,0,False,139447,3547304,0.71712,
2020-03-17,SP,Santo André,city,1,0,False,718773,3547809,0.13913,
2020-03-17,SP,São Bernardo do Campo,city,1,0,False,838936,3548708,0.1192,
2020-03-17,SP,São Caetano do Sul,city,1,0,False,161127,3548807,0.62063,
2020-03-17,SP,São Paulo,city,156,1,False,12252023,3550308,1.27326,0.0064
2020-03-17,SP,,state,164,1,False,45919049,35,0.35715,0.0061
2020-03-16,AL,Maceió,city,1,0,False,1018948,2704302,0.09814,
2020-03-16,AL,,state,1,0,False,3337357,27,0.02996,
2020-03-16,BA,Feira de Santana,city,5,0,False,614872,2910800,0.81318,
2020-03-16,BA,Porto Seguro,city,1,0,False,148686,2925303,0.67256,
2020-03-16,BA,Salvador,city,4,0,False,2872347,2927408,0.13926,
2020-03-16,BA,,state,10,0,False,14873064,29,0.06724,
2020-03-16,CE,Aquiraz,city,1,0,False,80271,2301000,1.24578,
2020-03-16,CE,Fortaleza,city,8,0,False,2669342,2304400,0.2997,
2020-03-16,CE,,state,9,0,False,9132078,23,0.09855,
2020-03-16,DF,Brasília,city,19,0,False,3015268,5300108,0.63013,
2020-03-16,DF,,state,19,0,False,3015268,53,0.63013,
2020-03-16,ES,,state,8,0,False,4018650,32,0.19907,
2020-03-16,GO,Anápolis,city,2,0,False,386923,5201108,0.5169,
2020-03-16,GO,Goiânia,city,5,0,False,1516113,5208707,0.32979,
2020-03-16,GO,Rio Verde,city,2,0,False,235647,5218805,0.84873,
2020-03-16,GO,,state,9,0,False,7018354,52,0.12824,
2020-03-16,MG,Belo Horizonte,city,1,0,False,2512070,3106200,0.03981,
2020-03-16,MG,Divinópolis,city,1,0,False,238230,3122306,0.41976,
2020-03-16,MG,Ipatinga,city,1,0,False,263410,3131307,0.37964,
2020-03-16,MG,Juiz de Fora,city,2,0,False,568873,3136702,0.35157,
2020-03-16,MG,Patrocínio,city,1,0,False,90757,3148103,1.10184,
2020-03-16,MG,,state,6,0,False,21168791,31,0.02834,
2020-03-16,MS,Campo Grande,city,4,0,False,895982,5002704,0.44644,
2020-03-16,MS,,state,4,0,False,2778986,50,0.14394,
2020-03-16,PE,,state,8,0,False,9557071,26,0.08371,
2020-03-16,PR,Cianorte,city,1,0,False,82620,4105508,1.21036,
2020-03-16,PR,Curitiba,city,5,0,False,1933105,4106902,0.25865,
2020-03-16,PR,,state,6,0,False,11433957,41,0.05248,
2020-03-16,RJ,Barra Mansa,city,1,0,False,184412,3300407,0.54226,
2020-03-16,RJ,Niterói,city,1,0,False,513584,3303302,0.19471,
2020-03-16,RJ,Rio de Janeiro,city,23,0,False,6718903,3304557,0.34232,
2020-03-16,RJ,,state,25,0,False,17264943,33,0.1448,
2020-03-16,RN,Natal,city,1,0,False,884122,2408102,0.11311,
2020-03-16,RN,,state,1,0,False,3506853,24,0.02852,
2020-03-16,RS,Campo Bom,city,1,0,False,66712,4303905,1.49898,
2020-03-16,RS,Caxias do Sul,city,1,0,False,510906,4305108,0.19573,
2020-03-16,RS,Porto Alegre,city,6,0,False,1483771,4314902,0.40438,
2020-03-16,RS,,state,8,0,False,11377239,43,0.07032,
2020-03-16,SC,Braço do Norte,city,1,0,False,33450,4202800,2.98954,
2020-03-16,SC,Florianópolis,city,3,0,False,500973,4205407,0.59883,
2020-03-16,SC,Joinville,city,1,0,False,590466,4209102,0.16936,
2020-03-16,SC,Rancho Queimado,city,2,0,False,2878,4214300,69.4927,
2020-03-16,SC,,state,7,0,False,7164788,42,0.0977,
2020-03-16,SE,Aracaju,city,5,0,False,657013,2800308,0.76102,
2020-03-16,SE,,state,5,0,False,2298696,28,0.21751,
2020-03-16,SP,Carapicuíba,city,1,0,False,400927,3510609,0.24942,
2020-03-16,SP,Ferraz de Vasconcelos,city,1,0,False,194276,3515707,0.51473,
2020-03-16,SP,Mauá,city,1,0,False,472912,3529401,0.21146,
2020-03-16,SP,Santana de Parnaíba,city,1,0,False,139447,3547304,0.71712,
2020-03-16,SP,Santo André,city,1,0,False,718773,3547809,0.13913,
2020-03-16,SP,São Bernardo do Campo,city,1,0,False,838936,3548708,0.1192,
2020-03-16,SP,São Caetano do Sul,city,1,0,False,161127,3548807,0.62063,
2020-03-16,SP,São Paulo,city,145,0,False,12252023,3550308,1.18348,
2020-03-16,SP,,state,152,0,False,45919049,35,0.33102,
2020-03-15,BA,Feira de Santana,city,5,0,False,614872,2910800,0.81318,
2020-03-15,BA,Salvador,city,4,0,False,2872347,2927408,0.13926,
2020-03-15,BA,,state,9,0,False,14873064,29,0.06051,
2020-03-15,DF,Brasília,city,14,0,False,3015268,5300108,0.4643,
2020-03-15,DF,,state,14,0,False,3015268,53,0.4643,
2020-03-15,ES,,state,4,0,False,4018650,32,0.09954,
2020-03-15,GO,Goiânia,city,3,0,False,1516113,5208707,0.19787,
2020-03-15,GO,Rio Verde,city,1,0,False,235647,5218805,0.42436,
2020-03-15,GO,,state,4,0,False,7018354,52,0.05699,
2020-03-15,MS,Campo Grande,city,2,0,False,895982,5002704,0.22322,
2020-03-15,MS,,state,2,0,False,2778986,50,0.07197,
2020-03-15,PE,Importados,city,1,0,False,,,,
2020-03-15,PE,Recife,city,7,0,False,1645727,2611606,0.42534,
2020-03-15,PE,,state,8,0,False,9557071,26,0.08371,
2020-03-15,RJ,Barra Mansa,city,1,0,False,184412,3300407,0.54226,
2020-03-15,RJ,Niterói,city,1,0,False,513584,3303302,0.19471,
2020-03-15,RJ,Rio de Janeiro,city,22,0,False,6718903,3304557,0.32743,
2020-03-15,RJ,,state,24,0,False,17264943,33,0.13901,
2020-03-15,SC,Braço do Norte,city,1,0,False,33450,4202800,2.98954,
2020-03-15,SC,Florianópolis,city,2,0,False,500973,4205407,0.39922,
2020-03-15,SC,Joinville,city,1,0,False,590466,4209102,0.16936,
2020-03-15,SC,Rancho Queimado,city,2,0,False,2878,4214300,69.4927,
2020-03-15,SC,,state,6,0,False,7164788,42,0.08374,
2020-03-14,DF,Brasília,city,8,0,False,3015268,5300108,0.26532,
2020-03-14,DF,,state,8,0,False,3015268,53,0.26532,
2020-03-14,ES,,state,4,0,False,4018650,32,0.09954,
2020-03-14,GO,Goiânia,city,3,0,False,1516113,5208707,0.19787,
2020-03-14,GO,Rio Verde,city,1,0,False,235647,5218805,0.42436,
2020-03-14,GO,,state,4,0,False,7018354,52,0.05699,
2020-03-14,MG,Divinópolis,city,1,0,False,238230,3122306,0.41976,
2020-03-14,MG,Ipatinga,city,1,0,False,263410,3131307,0.37964,
2020-03-14,MG,Juiz de Fora,city,1,0,False,568873,3136702,0.17579,
2020-03-14,MG,Patrocínio,city,1,0,False,90757,3148103,1.10184,
2020-03-14,MG,,state,4,0,False,21168791,31,0.0189,
2020-03-14,MS,Campo Grande,city,2,0,False,895982,5002704,0.22322,
2020-03-14,MS,,state,2,0,False,2778986,50,0.07197,
2020-03-14,PE,Importados,city,1,0,False,,,,
2020-03-14,PE,Recife,city,6,0,False,1645727,2611606,0.36458,
2020-03-14,PE,,state,7,0,False,9557071,26,0.07324,
2020-03-14,SC,Florianópolis,city,2,0,False,500973,4205407,0.39922,
2020-03-14,SC,Joinville,city,1,0,False,590466,4209102,0.16936,
2020-03-14,SC,Rancho Queimado,city,2,0,False,2878,4214300,69.4927,
2020-03-14,SC,,state,5,0,False,7164788,42,0.06979,
2020-03-14,SE,Aracaju,city,1,0,False,657013,2800308,0.1522,
2020-03-14,SE,,state,1,0,False,2298696,28,0.0435,
2020-03-14,SP,Carapicuíba,city,1,0,False,400927,3510609,0.24942,
2020-03-14,SP,Ferraz de Vasconcelos,city,1,0,False,194276,3515707,0.51473,
2020-03-14,SP,Santana de Parnaíba,city,1,0,False,139447,3547304,0.71712,
2020-03-14,SP,São Paulo,city,62,0,False,12252023,3550308,0.50604,
2020-03-14,SP,,state,65,0,False,45919049,35,0.14155,
2020-03-13,AL,Maceió,city,1,0,False,1018948,2704302,0.09814,
2020-03-13,AL,,state,1,0,False,3337357,27,0.02996,
2020-03-13,AM,Manaus,city,1,0,False,2182763,1302603,0.04581,
2020-03-13,AM,,state,1,0,False,4144597,13,0.02413,
2020-03-13,BA,Feira de Santana,city,4,0,False,614872,2910800,0.65054,
2020-03-13,BA,Salvador,city,3,0,False,2872347,2927408,0.10444,
2020-03-13,BA,,state,7,0,False,14873064,29,0.04706,
2020-03-13,DF,Brasília,city,2,0,False,3015268,5300108,0.06633,
2020-03-13,DF,,state,2,0,False,3015268,53,0.06633,
2020-03-13,ES,,state,2,0,False,4018650,32,0.04977,
2020-03-13,GO,Goiânia,city,2,0,False,1516113,5208707,0.13192,
2020-03-13,GO,Rio Verde,city,1,0,False,235647,5218805,0.42436,
2020-03-13,GO,,state,3,0,False,7018354,52,0.04275,
2020-03-13,MG,Divinópolis,city,1,0,False,238230,3122306,0.41976,
2020-03-13,MG,Ipatinga,city,1,0,False,263410,3131307,0.37964,
2020-03-13,MG,,state,2,0,False,21168791,31,0.00945,
2020-03-13,PE,Recife,city,2,0,False,1645727,2611606,0.12153,
2020-03-13,PE,,state,2,0,False,9557071,26,0.02093,
2020-03-13,PR,Cianorte,city,1,0,False,82620,4105508,1.21036,
2020-03-13,PR,Curitiba,city,5,0,False,1933105,4106902,0.25865,
2020-03-13,PR,,state,6,0,False,11433957,41,0.05248,
2020-03-13,RN,Natal,city,1,0,False,884122,2408102,0.11311,
2020-03-13,RN,,state,1,0,False,3506853,24,0.02852,
2020-03-13,RS,Campo Bom,city,1,0,False,66712,4303905,1.49898,
2020-03-13,RS,Caxias do Sul,city,1,0,False,510906,4305108,0.19573,
2020-03-13,RS,Porto Alegre,city,2,0,False,1483771,4314902,0.13479,
2020-03-13,RS,,state,4,0,False,11377239,43,0.03516,
2020-03-13,SC,Florianópolis,city,2,0,False,500973,4205407,0.39922,
2020-03-13,SC,Joinville,city,1,0,False,590466,4209102,0.16936,
2020-03-13,SC,,state,3,0,False,7164788,42,0.04187,
2020-03-12,AL,Maceió,city,1,0,False,1018948,2704302,0.09814,
2020-03-12,AL,,state,1,0,False,3337357,27,0.02996,
2020-03-12,BA,Feira de Santana,city,3,0,False,614872,2910800,0.48791,
2020-03-12,BA,,state,3,0,False,14873064,29,0.02017,
2020-03-12,DF,Brasília,city,2,0,False,3015268,5300108,0.06633,
2020-03-12,DF,,state,2,0,False,3015268,53,0.06633,
2020-03-12,ES,,state,2,0,False,4018650,32,0.04977,
2020-03-12,GO,Goiânia,city,2,0,False,1516113,5208707,0.13192,
2020-03-12,GO,Rio Verde,city,1,0,False,235647,5218805,0.42436,
2020-03-12,GO,,state,3,0,False,7018354,52,0.04275,
2020-03-12,MG,Divinópolis,city,1,0,False,238230,3122306,0.41976,
2020-03-12,MG,Ipatinga,city,1,0,False,263410,3131307,0.37964,
2020-03-12,MG,,state,2,0,False,21168791,31,0.00945,
2020-03-12,PE,Recife,city,2,0,False,1645727,2611606,0.12153,
2020-03-12,PE,,state,2,0,False,9557071,26,0.02093,
2020-03-12,PR,Cianorte,city,1,0,False,82620,4105508,1.21036,
2020-03-12,PR,Curitiba,city,5,0,False,1933105,4106902,0.25865,
2020-03-12,PR,,state,6,0,False,11433957,41,0.05248,
2020-03-12,RJ,Barra Mansa,city,1,0,False,184412,3300407,0.54226,
2020-03-12,RJ,Niterói,city,1,0,False,513584,3303302,0.19471,
2020-03-12,RJ,Rio de Janeiro,city,13,0,False,6718903,3304557,0.19348,
2020-03-12,RJ,,state,15,0,False,17264943,33,0.08688,
2020-03-12,RN,Natal,city,1,0,False,884122,2408102,0.11311,
2020-03-12,RN,,state,1,0,False,3506853,24,0.02852,
2020-03-12,RS,Campo Bom,city,1,0,False,66712,4303905,1.49898,
2020-03-12,RS,Caxias do Sul,city,1,0,False,510906,4305108,0.19573,
2020-03-12,RS,Porto Alegre,city,2,0,False,1483771,4314902,0.13479,
2020-03-12,RS,,state,4,0,False,11377239,43,0.03516,
2020-03-12,SC,Florianópolis,city,2,0,False,500973,4205407,0.39922,
2020-03-12,SC,,state,2,0,False,7164788,42,0.02791,
2020-03-12,SP,Ferraz de Vasconcelos,city,1,0,False,194276,3515707,0.51473,
2020-03-12,SP,Santana de Parnaíba,city,1,0,False,139447,3547304,0.71712,
2020-03-12,SP,São Paulo,city,44,0,False,12252023,3550308,0.35912,
2020-03-12,SP,,state,46,0,False,45919049,35,0.10018,
2020-03-11,BA,Feira de Santana,city,3,0,False,614872,2910800,0.48791,
2020-03-11,BA,,state,3,0,False,14873064,29,0.02017,
2020-03-11,DF,Brasília,city,2,0,False,3015268,5300108,0.06633,
2020-03-11,DF,,state,2,0,False,3015268,53,0.06633,
2020-03-11,ES,,state,1,0,False,4018650,32,0.02488,
2020-03-11,MG,Divinópolis,city,1,0,False,238230,3122306,0.41976,
2020-03-11,MG,,state,1,0,False,21168791,31,0.00472,
2020-03-11,RS,Campo Bom,city,1,0,False,66712,4303905,1.49898,
2020-03-11,RS,Porto Alegre,city,1,0,False,1483771,4314902,0.0674,
2020-03-11,RS,,state,2,0,False,11377239,43,0.01758,
2020-03-11,SP,Santana de Parnaíba,city,1,0,False,139447,3547304,0.71712,
2020-03-11,SP,São Paulo,city,29,0,False,12252023,3550308,0.2367,
2020-03-11,SP,,state,30,0,False,45919049,35,0.06533,
2020-03-10,AL,Maceió,city,1,0,False,1018948,2704302,0.09814,
2020-03-10,AL,,state,1,0,False,3337357,27,0.02996,
2020-03-10,BA,Feira de Santana,city,2,0,False,614872,2910800,0.32527,
2020-03-10,BA,,state,2,0,False,14873064,29,0.01345,
2020-03-10,DF,Brasília,city,1,0,False,3015268,5300108,0.03316,
2020-03-10,DF,,state,1,0,False,3015268,53,0.03316,
2020-03-10,ES,,state,1,0,False,4018650,32,0.02488,
2020-03-10,MG,Divinópolis,city,1,0,False,238230,3122306,0.41976,
2020-03-10,MG,,state,1,0,False,21168791,31,0.00472,
2020-03-10,RS,Campo Bom,city,1,0,False,66712,4303905,1.49898,
2020-03-10,RS,,state,1,0,False,11377239,43,0.00879,
2020-03-10,SP,Santana de Parnaíba,city,1,0,False,139447,3547304,0.71712,
2020-03-10,SP,São Paulo,city,18,0,False,12252023,3550308,0.14691,
2020-03-10,SP,,state,19,0,False,45919049,35,0.04138,
2020-03-09,AL,Maceió,city,1,0,False,1018948,2704302,0.09814,
2020-03-09,AL,,state,1,0,False,3337357,27,0.02996,
2020-03-09,BA,Feira de Santana,city,2,0,False,614872,2910800,0.32527,
2020-03-09,BA,,state,2,0,False,14873064,29,0.01345,
2020-03-09,DF,Brasília,city,1,0,False,3015268,5300108,0.03316,
2020-03-09,DF,,state,1,0,False,3015268,53,0.03316,
2020-03-09,ES,,state,1,0,False,4018650,32,0.02488,
2020-03-09,MG,Divinópolis,city,1,0,False,238230,3122306,0.41976,
2020-03-09,MG,,state,1,0,False,21168791,31,0.00472,
2020-03-09,SP,Santana de Parnaíba,city,1,0,False,139447,3547304,0.71712,
2020-03-09,SP,São Paulo,city,15,0,False,12252023,3550308,0.12243,
2020-03-09,SP,,state,16,0,False,45919049,35,0.03484,
2020-03-08,AL,Maceió,city,1,0,False,1018948,2704302,0.09814,
2020-03-08,AL,,state,1,0,False,3337357,27,0.02996,
2020-03-08,DF,Brasília,city,1,0,False,3015268,5300108,0.03316,
2020-03-08,DF,,state,1,0,False,3015268,53,0.03316,
2020-03-08,ES,,state,1,0,False,4018650,32,0.02488,
2020-03-08,MG,Divinópolis,city,1,0,False,238230,3122306,0.41976,
2020-03-08,MG,,state,1,0,False,21168791,31,0.00472,
2020-03-08,RJ,Barra Mansa,city,1,0,False,184412,3300407,0.54226,
2020-03-08,RJ,Rio de Janeiro,city,2,0,False,6718903,3304557,0.02977,
2020-03-08,RJ,,state,3,0,False,17264943,33,0.01738,
2020-03-08,SP,Santana de Parnaíba,city,1,0,False,139447,3547304,0.71712,
2020-03-08,SP,São Paulo,city,15,0,False,12252023,3550308,0.12243,
2020-03-08,SP,,state,16,0,False,45919049,35,0.03484,
2020-03-07,BA,Feira de Santana,city,2,0,False,614872,2910800,0.32527,
2020-03-07,BA,,state,2,0,False,14873064,29,0.01345,
2020-03-07,DF,Brasília,city,1,0,False,3015268,5300108,0.03316,
2020-03-07,DF,,state,1,0,False,3015268,53,0.03316,
2020-03-07,ES,,state,1,0,False,4018650,32,0.02488,
2020-03-07,SP,Santana da Ponte Pensa,city,1,0,True,1487,3547205,67.2495,
2020-03-07,SP,São Paulo,city,12,0,False,12252023,3550308,0.09794,
2020-03-07,SP,,state,13,0,False,45919049,35,0.02831,
2020-03-06,BA,Feira de Santana,city,1,0,False,614872,2910800,0.16264,
2020-03-06,BA,,state,1,0,False,14873064,29,0.00672,
2020-03-06,ES,,state,1,0,False,4018650,32,0.02488,
2020-03-06,RJ,Barra Mansa,city,1,0,False,184412,3300407,0.54226,
2020-03-06,RJ,Rio de Janeiro,city,1,0,False,6718903,3304557,0.01488,
2020-03-06,RJ,,state,2,0,False,17264943,33,0.01158,
2020-03-06,SP,,state,10,0,False,45919049,35,0.02178,
2020-03-05,ES,,state,1,0,False,4018650,32,0.02488,
2020-03-05,RJ,Barra Mansa,city,1,0,False,184412,3300407,0.54226,
2020-03-05,RJ,,state,1,0,False,17264943,33,0.00579,
2020-03-05,SP,São Paulo,city,6,0,False,12252023,3550308,0.04897,
2020-03-05,SP,,state,6,0,False,45919049,35,0.01307,
2020-03-04,SP,São Paulo,city,3,0,False,12252023,3550308,0.02449,
2020-03-04,SP,,state,3,0,False,45919049,35,0.00653,
2020-03-03,SP,São Paulo,city,2,0,False,12252023,3550308,0.01632,
2020-03-03,SP,,state,2,0,False,45919049,35,0.00436,
2020-03-02,SP,São Paulo,city,2,0,False,12252023,3550308,0.01632,
2020-03-02,SP,,state,2,0,False,45919049,35,0.00436,
2020-03-01,SP,São Paulo,city,2,0,False,12252023,3550308,0.01632,
2020-03-01,SP,,state,2,0,False,45919049,35,0.00436,
2020-02-29,SP,São Paulo,city,2,0,False,12252023,3550308,0.01632,
2020-02-29,SP,,state,2,0,False,45919049,35,0.00436,
2020-02-28,SP,São Paulo,city,2,0,False,12252023,3550308,0.01632,
2020-02-28,SP,,state,2,0,False,45919049,35,0.00436,
2020-02-27,SP,São Paulo,city,1,0,False,12252023,3550308,0.00816,
2020-02-27,SP,,state,1,0,False,45919049,35,0.00218,
2020-02-26,SP,São Paulo,city,1,0,False,12252023,3550308,0.00816,
2020-02-26,SP,,state,1,0,False,45919049,35,0.00218,
