regiao,estado,data,casosNovos,casosAcumulados,obitosNovos,obitosAcumulados
Norte,RO,30/1/2020,0,0,0,0
Norte,RO,31/1/2020,0,0,0,0
Norte,RO,1/2/2020,0,0,0,0
Norte,RO,2/2/2020,0,0,0,0
Norte,RO,3/2/2020,0,0,0,0
Norte,RO,4/2/2020,0,0,0,0
Norte,RO,5/2/2020,0,0,0,0
Norte,RO,6/2/2020,0,0,0,0
Norte,RO,7/2/2020,0,0,0,0
Norte,RO,8/2/2020,0,0,0,0
Norte,RO,9/2/2020,0,0,0,0
Norte,RO,10/2/2020,0,0,0,0
Norte,RO,11/2/2020,0,0,0,0
Norte,RO,12/2/2020,0,0,0,0
Norte,RO,13/2/2020,0,0,0,0
Norte,RO,14/2/2020,0,0,0,0
Norte,RO,15/2/2020,0,0,0,0
Norte,RO,16/2/2020,0,0,0,0
Norte,RO,17/2/2020,0,0,0,0
Norte,RO,18/2/2020,0,0,0,0
Norte,RO,19/2/2020,0,0,0,0
Norte,RO,20/2/2020,0,0,0,0
Norte,RO,21/2/2020,0,0,0,0
Norte,RO,22/2/2020,0,0,0,0
Norte,RO,23/2/2020,0,0,0,0
Norte,RO,24/2/2020,0,0,0,0
Norte,RO,25/2/2020,0,0,0,0
Norte,RO,26/2/2020,0,0,0,0
Norte,RO,27/2/2020,0,0,0,0
Norte,RO,28/2/2020,0,0,0,0
Norte,RO,29/2/2020,0,0,0,0
Norte,RO,1/3/2020,0,0,0,0
Norte,RO,2/3/2020,0,0,0,0
Norte,RO,3/3/2020,0,0,0,0
Norte,RO,4/3/2020,0,0,0,0
Norte,RO,5/3/2020,0,0,0,0
Norte,RO,6/3/2020,0,0,0,0
Norte,RO,7/3/2020,0,0,0,0
Norte,RO,8/3/2020,0,0,0,0
Norte,RO,9/3/2020,0,0,0,0
Norte,RO,10/3/2020,0,0,0,0
Norte,RO,11/3/2020,0,0,0,0
Norte,RO,12/3/2020,0,0,0,0
Norte,RO,13/3/2020,0,0,0,0
Norte,RO,14/3/2020,0,0,0,0
Norte,RO,15/3/2020,0,0,0,0
Norte,RO,16/3/2020,0,0,0,0
Norte,RO,17/3/2020,0,0,0,0
Norte,RO,18/3/2020,0,0,0,0
Norte,RO,19/3/2020,0,0,0,0
Norte,RO,20/3/2020,1,1,0,0
Norte,RO,21/3/2020,0,1,0,0
Norte,RO,22/3/2020,2,3,0,0
Norte,RO,23/3/2020,0,3,0,0
Norte,RO,24/3/2020,0,3,0,0
Norte,RO,25/3/2020,2,5,0,0
Norte,RO,26/3/2020,0,5,0,0
Norte,RO,27/3/2020,1,6,0,0
Norte,RO,28/3/2020,0,6,0,0
Norte,RO,29/3/2020,0,6,0,0
Norte,RO,30/3/2020,0,6,0,0
Norte,RO,31/3/2020,2,8,1,1
Norte,RO,1/4/2020,1,9,0,1
Norte,RO,2/4/2020,1,10,0,1
Norte,RO,3/4/2020,0,10,0,1
Norte,RO,4/4/2020,1,11,0,1
Norte,RO,5/4/2020,1,12,0,1
Norte,RO,6/4/2020,2,14,0,1
Norte,RO,7/4/2020,4,18,0,1
Norte,RO,8/4/2020,0,18,0,1
Norte,RO,9/4/2020,10,28,1,2
Norte,RO,10/4/2020,4,32,0,2
Norte,RO,11/4/2020,1,33,0,2
Norte,RO,12/4/2020,2,35,0,2
Norte,RO,13/4/2020,7,42,0,2
Norte,RO,14/4/2020,22,64,0,2
Norte,AC,30/1/2020,0,0,0,0
Norte,AC,31/1/2020,0,0,0,0
Norte,AC,1/2/2020,0,0,0,0
Norte,AC,2/2/2020,0,0,0,0
Norte,AC,3/2/2020,0,0,0,0
Norte,AC,4/2/2020,0,0,0,0
Norte,AC,5/2/2020,0,0,0,0
Norte,AC,6/2/2020,0,0,0,0
Norte,AC,7/2/2020,0,0,0,0
Norte,AC,8/2/2020,0,0,0,0
Norte,AC,9/2/2020,0,0,0,0
Norte,AC,10/2/2020,0,0,0,0
Norte,AC,11/2/2020,0,0,0,0
Norte,AC,12/2/2020,0,0,0,0
Norte,AC,13/2/2020,0,0,0,0
Norte,AC,14/2/2020,0,0,0,0
Norte,AC,15/2/2020,0,0,0,0
Norte,AC,16/2/2020,0,0,0,0
Norte,AC,17/2/2020,0,0,0,0
Norte,AC,18/2/2020,0,0,0,0
Norte,AC,19/2/2020,0,0,0,0
Norte,AC,20/2/2020,0,0,0,0
Norte,AC,21/2/2020,0,0,0,0
Norte,AC,22/2/2020,0,0,0,0
Norte,AC,23/2/2020,0,0,0,0
Norte,AC,24/2/2020,0,0,0,0
Norte,AC,25/2/2020,0,0,0,0
Norte,AC,26/2/2020,0,0,0,0
Norte,AC,27/2/2020,0,0,0,0
Norte,AC,28/2/2020,0,0,0,0
Norte,AC,29/2/2020,0,0,0,0
Norte,AC,1/3/2020,0,0,0,0
Norte,AC,2/3/2020,0,0,0,0
Norte,AC,3/3/2020,0,0,0,0
Norte,AC,4/3/2020,0,0,0,0
Norte,AC,5/3/2020,0,0,0,0
Norte,AC,6/3/2020,0,0,0,0
Norte,AC,7/3/2020,0,0,0,0
Norte,AC,8/3/2020,0,0,0,0
Norte,AC,9/3/2020,0,0,0,0
Norte,AC,10/3/2020,0,0,0,0
Norte,AC,11/3/2020,0,0,0,0
Norte,AC,12/3/2020,0,0,0,0
Norte,AC,13/3/2020,0,0,0,0
Norte,AC,14/3/2020,0,0,0,0
Norte,AC,15/3/2020,0,0,0,0
Norte,AC,16/3/2020,0,0,0,0
Norte,AC,17/3/2020,0,0,0,0
Norte,AC,18/3/2020,0,0,0,0
Norte,AC,19/3/2020,3,3,0,0
Norte,AC,20/3/2020,4,7,0,0
Norte,AC,21/3/2020,2,9,0,0
Norte,AC,22/3/2020,2,11,0,0
Norte,AC,23/3/2020,0,11,0,0
Norte,AC,24/3/2020,6,17,0,0
Norte,AC,25/3/2020,6,23,0,0
Norte,AC,26/3/2020,1,24,0,0
Norte,AC,27/3/2020,1,25,0,0
Norte,AC,28/3/2020,0,25,0,0
Norte,AC,29/3/2020,9,34,0,0
Norte,AC,30/3/2020,8,42,0,0
Norte,AC,31/3/2020,0,42,0,0
Norte,AC,1/4/2020,1,43,0,0
Norte,AC,2/4/2020,0,43,0,0
Norte,AC,3/4/2020,3,46,0,0
Norte,AC,4/4/2020,0,46,0,0
Norte,AC,5/4/2020,2,48,0,0
Norte,AC,6/4/2020,2,50,0,0
Norte,AC,7/4/2020,0,50,1,1
Norte,AC,8/4/2020,4,54,1,2
Norte,AC,9/4/2020,8,62,0,2
Norte,AC,10/4/2020,8,70,0,2
Norte,AC,11/4/2020,2,72,0,2
Norte,AC,12/4/2020,5,77,0,2
Norte,AC,13/4/2020,13,90,1,3
Norte,AC,14/4/2020,9,99,0,3
Norte,AM,30/1/2020,0,0,0,0
Norte,AM,31/1/2020,0,0,0,0
Norte,AM,1/2/2020,0,0,0,0
Norte,AM,2/2/2020,0,0,0,0
Norte,AM,3/2/2020,0,0,0,0
Norte,AM,4/2/2020,0,0,0,0
Norte,AM,5/2/2020,0,0,0,0
Norte,AM,6/2/2020,0,0,0,0
Norte,AM,7/2/2020,0,0,0,0
Norte,AM,8/2/2020,0,0,0,0
Norte,AM,9/2/2020,0,0,0,0
Norte,AM,10/2/2020,0,0,0,0
Norte,AM,11/2/2020,0,0,0,0
Norte,AM,12/2/2020,0,0,0,0
Norte,AM,13/2/2020,0,0,0,0
Norte,AM,14/2/2020,0,0,0,0
Norte,AM,15/2/2020,0,0,0,0
Norte,AM,16/2/2020,0,0,0,0
Norte,AM,17/2/2020,0,0,0,0
Norte,AM,18/2/2020,0,0,0,0
Norte,AM,19/2/2020,0,0,0,0
Norte,AM,20/2/2020,0,0,0,0
Norte,AM,21/2/2020,0,0,0,0
Norte,AM,22/2/2020,0,0,0,0
Norte,AM,23/2/2020,0,0,0,0
Norte,AM,24/2/2020,0,0,0,0
Norte,AM,25/2/2020,0,0,0,0
Norte,AM,26/2/2020,0,0,0,0
Norte,AM,27/2/2020,0,0,0,0
Norte,AM,28/2/2020,0,0,0,0
Norte,AM,29/2/2020,0,0,0,0
Norte,AM,1/3/2020,0,0,0,0
Norte,AM,2/3/2020,0,0,0,0
Norte,AM,3/3/2020,0,0,0,0
Norte,AM,4/3/2020,0,0,0,0
Norte,AM,5/3/2020,0,0,0,0
Norte,AM,6/3/2020,0,0,0,0
Norte,AM,7/3/2020,0,0,0,0
Norte,AM,8/3/2020,0,0,0,0
Norte,AM,9/3/2020,0,0,0,0
Norte,AM,10/3/2020,0,0,0,0
Norte,AM,11/3/2020,0,0,0,0
Norte,AM,12/3/2020,0,0,0,0
Norte,AM,13/3/2020,0,0,0,0
Norte,AM,14/3/2020,0,0,0,0
Norte,AM,15/3/2020,1,1,0,0
Norte,AM,16/3/2020,0,1,0,0
Norte,AM,17/3/2020,0,1,0,0
Norte,AM,18/3/2020,0,1,0,0
Norte,AM,19/3/2020,2,3,0,0
Norte,AM,20/3/2020,0,3,0,0
Norte,AM,21/3/2020,8,11,0,0
Norte,AM,22/3/2020,15,26,0,0
Norte,AM,23/3/2020,6,32,0,0
Norte,AM,24/3/2020,15,47,0,0
Norte,AM,25/3/2020,7,54,1,1
Norte,AM,26/3/2020,13,67,0,1
Norte,AM,27/3/2020,14,81,0,1
Norte,AM,28/3/2020,30,111,0,1
Norte,AM,29/3/2020,29,140,0,1
Norte,AM,30/3/2020,11,151,0,1
Norte,AM,31/3/2020,24,175,2,3
Norte,AM,1/4/2020,25,200,0,3
Norte,AM,2/4/2020,29,229,0,3
Norte,AM,3/4/2020,31,260,4,7
Norte,AM,4/4/2020,51,311,5,12
Norte,AM,5/4/2020,106,417,2,14
Norte,AM,6/4/2020,115,532,5,19
Norte,AM,7/4/2020,104,636,4,23
Norte,AM,8/4/2020,168,804,7,30
Norte,AM,9/4/2020,95,899,10,40
Norte,AM,10/4/2020,82,981,10,50
Norte,AM,11/4/2020,69,1050,3,53
Norte,AM,12/4/2020,156,1206,9,62
Norte,AM,13/4/2020,69,1275,9,71
Norte,AM,14/4/2020,209,1484,19,90
Norte,RR,30/1/2020,0,0,0,0
Norte,RR,31/1/2020,0,0,0,0
Norte,RR,1/2/2020,0,0,0,0
Norte,RR,2/2/2020,0,0,0,0
Norte,RR,3/2/2020,0,0,0,0
Norte,RR,4/2/2020,0,0,0,0
Norte,RR,5/2/2020,0,0,0,0
Norte,RR,6/2/2020,0,0,0,0
Norte,RR,7/2/2020,0,0,0,0
Norte,RR,8/2/2020,0,0,0,0
Norte,RR,9/2/2020,0,0,0,0
Norte,RR,10/2/2020,0,0,0,0
Norte,RR,11/2/2020,0,0,0,0
Norte,RR,12/2/2020,0,0,0,0
Norte,RR,13/2/2020,0,0,0,0
Norte,RR,14/2/2020,0,0,0,0
Norte,RR,15/2/2020,0,0,0,0
Norte,RR,16/2/2020,0,0,0,0
Norte,RR,17/2/2020,0,0,0,0
Norte,RR,18/2/2020,0,0,0,0
Norte,RR,19/2/2020,0,0,0,0
Norte,RR,20/2/2020,0,0,0,0
Norte,RR,21/2/2020,0,0,0,0
Norte,RR,22/2/2020,0,0,0,0
Norte,RR,23/2/2020,0,0,0,0
Norte,RR,24/2/2020,0,0,0,0
Norte,RR,25/2/2020,0,0,0,0
Norte,RR,26/2/2020,0,0,0,0
Norte,RR,27/2/2020,0,0,0,0
Norte,RR,28/2/2020,0,0,0,0
Norte,RR,29/2/2020,0,0,0,0
Norte,RR,1/3/2020,0,0,0,0
Norte,RR,2/3/2020,0,0,0,0
Norte,RR,3/3/2020,0,0,0,0
Norte,RR,4/3/2020,0,0,0,0
Norte,RR,5/3/2020,0,0,0,0
Norte,RR,6/3/2020,0,0,0,0
Norte,RR,7/3/2020,0,0,0,0
Norte,RR,8/3/2020,0,0,0,0
Norte,RR,9/3/2020,0,0,0,0
Norte,RR,10/3/2020,0,0,0,0
Norte,RR,11/3/2020,0,0,0,0
Norte,RR,12/3/2020,0,0,0,0
Norte,RR,13/3/2020,0,0,0,0
Norte,RR,14/3/2020,0,0,0,0
Norte,RR,15/3/2020,0,0,0,0
Norte,RR,16/3/2020,0,0,0,0
Norte,RR,17/3/2020,0,0,0,0
Norte,RR,18/3/2020,0,0,0,0
Norte,RR,19/3/2020,0,0,0,0
Norte,RR,20/3/2020,0,0,0,0
Norte,RR,21/3/2020,0,0,0,0
Norte,RR,22/3/2020,2,2,0,0
Norte,RR,23/3/2020,0,2,0,0
Norte,RR,24/3/2020,0,2,0,0
Norte,RR,25/3/2020,6,8,0,0
Norte,RR,26/3/2020,0,8,0,0
Norte,RR,27/3/2020,2,10,0,0
Norte,RR,28/3/2020,2,12,0,0
Norte,RR,29/3/2020,4,16,0,0
Norte,RR,30/3/2020,0,16,0,0
Norte,RR,31/3/2020,0,16,0,0
Norte,RR,1/4/2020,6,22,0,0
Norte,RR,2/4/2020,4,26,0,0
Norte,RR,3/4/2020,4,30,0,0
Norte,RR,4/4/2020,7,37,1,1
Norte,RR,5/4/2020,5,42,0,1
Norte,RR,6/4/2020,0,42,0,1
Norte,RR,7/4/2020,0,42,0,1
Norte,RR,8/4/2020,7,49,0,1
Norte,RR,9/4/2020,3,52,0,1
Norte,RR,10/4/2020,11,63,2,3
Norte,RR,11/4/2020,12,75,0,3
Norte,RR,12/4/2020,4,79,0,3
Norte,RR,13/4/2020,4,83,0,3
Norte,RR,14/4/2020,30,113,0,3
Norte,PA,30/1/2020,0,0,0,0
Norte,PA,31/1/2020,0,0,0,0
Norte,PA,1/2/2020,0,0,0,0
Norte,PA,2/2/2020,0,0,0,0
Norte,PA,3/2/2020,0,0,0,0
Norte,PA,4/2/2020,0,0,0,0
Norte,PA,5/2/2020,0,0,0,0
Norte,PA,6/2/2020,0,0,0,0
Norte,PA,7/2/2020,0,0,0,0
Norte,PA,8/2/2020,0,0,0,0
Norte,PA,9/2/2020,0,0,0,0
Norte,PA,10/2/2020,0,0,0,0
Norte,PA,11/2/2020,0,0,0,0
Norte,PA,12/2/2020,0,0,0,0
Norte,PA,13/2/2020,0,0,0,0
Norte,PA,14/2/2020,0,0,0,0
Norte,PA,15/2/2020,0,0,0,0
Norte,PA,16/2/2020,0,0,0,0
Norte,PA,17/2/2020,0,0,0,0
Norte,PA,18/2/2020,0,0,0,0
Norte,PA,19/2/2020,0,0,0,0
Norte,PA,20/2/2020,0,0,0,0
Norte,PA,21/2/2020,0,0,0,0
Norte,PA,22/2/2020,0,0,0,0
Norte,PA,23/2/2020,0,0,0,0
Norte,PA,24/2/2020,0,0,0,0
Norte,PA,25/2/2020,0,0,0,0
Norte,PA,26/2/2020,0,0,0,0
Norte,PA,27/2/2020,0,0,0,0
Norte,PA,28/2/2020,0,0,0,0
Norte,PA,29/2/2020,0,0,0,0
Norte,PA,1/3/2020,0,0,0,0
Norte,PA,2/3/2020,0,0,0,0
Norte,PA,3/3/2020,0,0,0,0
Norte,PA,4/3/2020,0,0,0,0
Norte,PA,5/3/2020,0,0,0,0
Norte,PA,6/3/2020,0,0,0,0
Norte,PA,7/3/2020,0,0,0,0
Norte,PA,8/3/2020,0,0,0,0
Norte,PA,9/3/2020,0,0,0,0
Norte,PA,10/3/2020,0,0,0,0
Norte,PA,11/3/2020,0,0,0,0
Norte,PA,12/3/2020,0,0,0,0
Norte,PA,13/3/2020,0,0,0,0
Norte,PA,14/3/2020,0,0,0,0
Norte,PA,15/3/2020,0,0,0,0
Norte,PA,16/3/2020,0,0,0,0
Norte,PA,17/3/2020,0,0,0,0
Norte,PA,18/3/2020,0,0,0,0
Norte,PA,19/3/2020,1,1,0,0
Norte,PA,20/3/2020,1,2,0,0
Norte,PA,21/3/2020,0,2,0,0
Norte,PA,22/3/2020,2,4,0,0
Norte,PA,23/3/2020,1,5,0,0
Norte,PA,24/3/2020,0,5,0,0
Norte,PA,25/3/2020,2,7,0,0
Norte,PA,26/3/2020,6,13,0,0
Norte,PA,27/3/2020,0,13,0,0
Norte,PA,28/3/2020,4,17,0,0
Norte,PA,29/3/2020,1,18,0,0
Norte,PA,30/3/2020,3,21,0,0
Norte,PA,31/3/2020,11,32,0,0
Norte,PA,1/4/2020,8,40,1,1
Norte,PA,2/4/2020,6,46,0,1
Norte,PA,3/4/2020,4,50,0,1
Norte,PA,4/4/2020,30,80,0,1
Norte,PA,5/4/2020,6,86,0,1
Norte,PA,6/4/2020,16,102,2,3
Norte,PA,7/4/2020,36,138,2,5
Norte,PA,8/4/2020,29,167,1,6
Norte,PA,9/4/2020,1,168,1,7
Norte,PA,10/4/2020,2,170,2,9
Norte,PA,11/4/2020,47,217,1,10
Norte,PA,12/4/2020,29,246,3,13
Norte,PA,13/4/2020,24,270,2,15
Norte,PA,14/4/2020,53,323,4,19
Norte,AP,30/1/2020,0,0,0,0
Norte,AP,31/1/2020,0,0,0,0
Norte,AP,1/2/2020,0,0,0,0
Norte,AP,2/2/2020,0,0,0,0
Norte,AP,3/2/2020,0,0,0,0
Norte,AP,4/2/2020,0,0,0,0
Norte,AP,5/2/2020,0,0,0,0
Norte,AP,6/2/2020,0,0,0,0
Norte,AP,7/2/2020,0,0,0,0
Norte,AP,8/2/2020,0,0,0,0
Norte,AP,9/2/2020,0,0,0,0
Norte,AP,10/2/2020,0,0,0,0
Norte,AP,11/2/2020,0,0,0,0
Norte,AP,12/2/2020,0,0,0,0
Norte,AP,13/2/2020,0,0,0,0
Norte,AP,14/2/2020,0,0,0,0
Norte,AP,15/2/2020,0,0,0,0
Norte,AP,16/2/2020,0,0,0,0
Norte,AP,17/2/2020,0,0,0,0
Norte,AP,18/2/2020,0,0,0,0
Norte,AP,19/2/2020,0,0,0,0
Norte,AP,20/2/2020,0,0,0,0
Norte,AP,21/2/2020,0,0,0,0
Norte,AP,22/2/2020,0,0,0,0
Norte,AP,23/2/2020,0,0,0,0
Norte,AP,24/2/2020,0,0,0,0
Norte,AP,25/2/2020,0,0,0,0
Norte,AP,26/2/2020,0,0,0,0
Norte,AP,27/2/2020,0,0,0,0
Norte,AP,28/2/2020,0,0,0,0
Norte,AP,29/2/2020,0,0,0,0
Norte,AP,1/3/2020,0,0,0,0
Norte,AP,2/3/2020,0,0,0,0
Norte,AP,3/3/2020,0,0,0,0
Norte,AP,4/3/2020,0,0,0,0
Norte,AP,5/3/2020,0,0,0,0
Norte,AP,6/3/2020,0,0,0,0
Norte,AP,7/3/2020,0,0,0,0
Norte,AP,8/3/2020,0,0,0,0
Norte,AP,9/3/2020,0,0,0,0
Norte,AP,10/3/2020,0,0,0,0
Norte,AP,11/3/2020,0,0,0,0
Norte,AP,12/3/2020,0,0,0,0
Norte,AP,13/3/2020,0,0,0,0
Norte,AP,14/3/2020,0,0,0,0
Norte,AP,15/3/2020,0,0,0,0
Norte,AP,16/3/2020,0,0,0,0
Norte,AP,17/3/2020,0,0,0,0
Norte,AP,18/3/2020,0,0,0,0
Norte,AP,19/3/2020,0,0,0,0
Norte,AP,20/3/2020,1,1,0,0
Norte,AP,21/3/2020,0,1,0,0
Norte,AP,22/3/2020,0,1,0,0
Norte,AP,23/3/2020,0,1,0,0
Norte,AP,24/3/2020,0,1,0,0
Norte,AP,25/3/2020,0,1,0,0
Norte,AP,26/3/2020,1,2,0,0
Norte,AP,27/3/2020,0,2,0,0
Norte,AP,28/3/2020,2,4,0,0
Norte,AP,29/3/2020,0,4,0,0
Norte,AP,30/3/2020,4,8,0,0
Norte,AP,31/3/2020,2,10,0,0
Norte,AP,1/4/2020,1,11,0,0
Norte,AP,2/4/2020,0,11,0,0
Norte,AP,3/4/2020,8,19,0,0
Norte,AP,4/4/2020,9,28,1,1
Norte,AP,5/4/2020,1,29,1,2
Norte,AP,6/4/2020,5,34,0,2
Norte,AP,7/4/2020,14,48,0,2
Norte,AP,8/4/2020,59,107,0,2
Norte,AP,9/4/2020,21,128,0,2
Norte,AP,10/4/2020,38,166,0,2
Norte,AP,11/4/2020,27,193,1,3
Norte,AP,12/4/2020,37,230,2,5
Norte,AP,13/4/2020,12,242,0,5
Norte,AP,14/4/2020,65,307,1,6
Norte,TO,30/1/2020,0,0,0,0
Norte,TO,31/1/2020,0,0,0,0
Norte,TO,1/2/2020,0,0,0,0
Norte,TO,2/2/2020,0,0,0,0
Norte,TO,3/2/2020,0,0,0,0
Norte,TO,4/2/2020,0,0,0,0
Norte,TO,5/2/2020,0,0,0,0
Norte,TO,6/2/2020,0,0,0,0
Norte,TO,7/2/2020,0,0,0,0
Norte,TO,8/2/2020,0,0,0,0
Norte,TO,9/2/2020,0,0,0,0
Norte,TO,10/2/2020,0,0,0,0
Norte,TO,11/2/2020,0,0,0,0
Norte,TO,12/2/2020,0,0,0,0
Norte,TO,13/2/2020,0,0,0,0
Norte,TO,14/2/2020,0,0,0,0
Norte,TO,15/2/2020,0,0,0,0
Norte,TO,16/2/2020,0,0,0,0
Norte,TO,17/2/2020,0,0,0,0
Norte,TO,18/2/2020,0,0,0,0
Norte,TO,19/2/2020,0,0,0,0
Norte,TO,20/2/2020,0,0,0,0
Norte,TO,21/2/2020,0,0,0,0
Norte,TO,22/2/2020,0,0,0,0
Norte,TO,23/2/2020,0,0,0,0
Norte,TO,24/2/2020,0,0,0,0
Norte,TO,25/2/2020,0,0,0,0
Norte,TO,26/2/2020,0,0,0,0
Norte,TO,27/2/2020,0,0,0,0
Norte,TO,28/2/2020,0,0,0,0
Norte,TO,29/2/2020,0,0,0,0
Norte,TO,1/3/2020,0,0,0,0
Norte,TO,2/3/2020,0,0,0,0
Norte,TO,3/3/2020,0,0,0,0
Norte,TO,4/3/2020,0,0,0,0
Norte,TO,5/3/2020,0,0,0,0
Norte,TO,6/3/2020,0,0,0,0
Norte,TO,7/3/2020,0,0,0,0
Norte,TO,8/3/2020,0,0,0,0
Norte,TO,9/3/2020,0,0,0,0
Norte,TO,10/3/2020,0,0,0,0
Norte,TO,11/3/2020,0,0,0,0
Norte,TO,12/3/2020,0,0,0,0
Norte,TO,13/3/2020,0,0,0,0
Norte,TO,14/3/2020,0,0,0,0
Norte,TO,15/3/2020,0,0,0,0
Norte,TO,16/3/2020,0,0,0,0
Norte,TO,17/3/2020,0,0,0,0
Norte,TO,18/3/2020,0,0,0,0
Norte,TO,19/3/2020,1,1,0,0
Norte,TO,20/3/2020,0,1,0,0
Norte,TO,21/3/2020,1,2,0,0
Norte,TO,22/3/2020,0,2,0,0
Norte,TO,23/3/2020,3,5,0,0
Norte,TO,24/3/2020,2,7,0,0
Norte,TO,25/3/2020,0,7,0,0
Norte,TO,26/3/2020,0,7,0,0
Norte,TO,27/3/2020,1,8,0,0
Norte,TO,28/3/2020,1,9,0,0
Norte,TO,29/3/2020,0,9,0,0
Norte,TO,30/3/2020,1,10,0,0
Norte,TO,31/3/2020,1,11,0,0
Norte,TO,1/4/2020,1,12,0,0
Norte,TO,2/4/2020,0,12,0,0
Norte,TO,3/4/2020,0,12,0,0
Norte,TO,4/4/2020,2,14,0,0
Norte,TO,5/4/2020,3,17,0,0
Norte,TO,6/4/2020,0,17,0,0
Norte,TO,7/4/2020,2,19,0,0
Norte,TO,8/4/2020,4,23,0,0
Norte,TO,9/4/2020,0,23,0,0
Norte,TO,10/4/2020,0,23,0,0
Norte,TO,11/4/2020,0,23,0,0
Norte,TO,12/4/2020,2,25,0,0
Norte,TO,13/4/2020,1,26,0,0
Norte,TO,14/4/2020,0,26,0,0
Nordeste,MA,30/1/2020,0,0,0,0
Nordeste,MA,31/1/2020,0,0,0,0
Nordeste,MA,1/2/2020,0,0,0,0
Nordeste,MA,2/2/2020,0,0,0,0
Nordeste,MA,3/2/2020,0,0,0,0
Nordeste,MA,4/2/2020,0,0,0,0
Nordeste,MA,5/2/2020,0,0,0,0
Nordeste,MA,6/2/2020,0,0,0,0
Nordeste,MA,7/2/2020,0,0,0,0
Nordeste,MA,8/2/2020,0,0,0,0
Nordeste,MA,9/2/2020,0,0,0,0
Nordeste,MA,10/2/2020,0,0,0,0
Nordeste,MA,11/2/2020,0,0,0,0
Nordeste,MA,12/2/2020,0,0,0,0
Nordeste,MA,13/2/2020,0,0,0,0
Nordeste,MA,14/2/2020,0,0,0,0
Nordeste,MA,15/2/2020,0,0,0,0
Nordeste,MA,16/2/2020,0,0,0,0
Nordeste,MA,17/2/2020,0,0,0,0
Nordeste,MA,18/2/2020,0,0,0,0
Nordeste,MA,19/2/2020,0,0,0,0
Nordeste,MA,20/2/2020,0,0,0,0
Nordeste,MA,21/2/2020,0,0,0,0
Nordeste,MA,22/2/2020,0,0,0,0
Nordeste,MA,23/2/2020,0,0,0,0
Nordeste,MA,24/2/2020,0,0,0,0
Nordeste,MA,25/2/2020,0,0,0,0
Nordeste,MA,26/2/2020,0,0,0,0
Nordeste,MA,27/2/2020,0,0,0,0
Nordeste,MA,28/2/2020,0,0,0,0
Nordeste,MA,29/2/2020,0,0,0,0
Nordeste,MA,1/3/2020,0,0,0,0
Nordeste,MA,2/3/2020,0,0,0,0
Nordeste,MA,3/3/2020,0,0,0,0
Nordeste,MA,4/3/2020,0,0,0,0
Nordeste,MA,5/3/2020,0,0,0,0
Nordeste,MA,6/3/2020,0,0,0,0
Nordeste,MA,7/3/2020,0,0,0,0
Nordeste,MA,8/3/2020,0,0,0,0
Nordeste,MA,9/3/2020,0,0,0,0
Nordeste,MA,10/3/2020,0,0,0,0
Nordeste,MA,11/3/2020,0,0,0,0
Nordeste,MA,12/3/2020,0,0,0,0
Nordeste,MA,13/3/2020,0,0,0,0
Nordeste,MA,14/3/2020,0,0,0,0
Nordeste,MA,15/3/2020,0,0,0,0
Nordeste,MA,16/3/2020,0,0,0,0
Nordeste,MA,17/3/2020,0,0,0,0
Nordeste,MA,18/3/2020,0,0,0,0
Nordeste,MA,19/3/2020,0,0,0,0
Nordeste,MA,20/3/2020,0,0,0,0
Nordeste,MA,21/3/2020,1,1,0,0
Nordeste,MA,22/3/2020,1,2,0,0
Nordeste,MA,23/3/2020,0,2,0,0
Nordeste,MA,24/3/2020,6,8,0,0
Nordeste,MA,25/3/2020,0,8,0,0
Nordeste,MA,26/3/2020,2,10,0,0
Nordeste,MA,27/3/2020,3,13,0,0
Nordeste,MA,28/3/2020,1,14,0,0
Nordeste,MA,29/3/2020,2,16,0,0
Nordeste,MA,30/3/2020,7,23,1,1
Nordeste,MA,31/3/2020,8,31,0,1
Nordeste,MA,1/4/2020,21,52,0,1
Nordeste,MA,2/4/2020,19,71,0,1
Nordeste,MA,3/4/2020,10,81,0,1
Nordeste,MA,4/4/2020,7,88,0,1
Nordeste,MA,5/4/2020,8,96,1,2
Nordeste,MA,6/4/2020,37,133,0,2
Nordeste,MA,7/4/2020,39,172,2,4
Nordeste,MA,8/4/2020,58,230,7,11
Nordeste,MA,9/4/2020,43,273,1,12
Nordeste,MA,10/4/2020,20,293,4,16
Nordeste,MA,11/4/2020,51,344,5,21
Nordeste,MA,12/4/2020,54,398,3,24
Nordeste,MA,13/4/2020,47,445,3,27
Nordeste,MA,14/4/2020,33,478,5,32
Nordeste,PI,30/1/2020,0,0,0,0
Nordeste,PI,31/1/2020,0,0,0,0
Nordeste,PI,1/2/2020,0,0,0,0
Nordeste,PI,2/2/2020,0,0,0,0
Nordeste,PI,3/2/2020,0,0,0,0
Nordeste,PI,4/2/2020,0,0,0,0
Nordeste,PI,5/2/2020,0,0,0,0
Nordeste,PI,6/2/2020,0,0,0,0
Nordeste,PI,7/2/2020,0,0,0,0
Nordeste,PI,8/2/2020,0,0,0,0
Nordeste,PI,9/2/2020,0,0,0,0
Nordeste,PI,10/2/2020,0,0,0,0
Nordeste,PI,11/2/2020,0,0,0,0
Nordeste,PI,12/2/2020,0,0,0,0
Nordeste,PI,13/2/2020,0,0,0,0
Nordeste,PI,14/2/2020,0,0,0,0
Nordeste,PI,15/2/2020,0,0,0,0
Nordeste,PI,16/2/2020,0,0,0,0
Nordeste,PI,17/2/2020,0,0,0,0
Nordeste,PI,18/2/2020,0,0,0,0
Nordeste,PI,19/2/2020,0,0,0,0
Nordeste,PI,20/2/2020,0,0,0,0
Nordeste,PI,21/2/2020,0,0,0,0
Nordeste,PI,22/2/2020,0,0,0,0
Nordeste,PI,23/2/2020,0,0,0,0
Nordeste,PI,24/2/2020,0,0,0,0
Nordeste,PI,25/2/2020,0,0,0,0
Nordeste,PI,26/2/2020,0,0,0,0
Nordeste,PI,27/2/2020,0,0,0,0
Nordeste,PI,28/2/2020,0,0,0,0
Nordeste,PI,29/2/2020,0,0,0,0
Nordeste,PI,1/3/2020,0,0,0,0
Nordeste,PI,2/3/2020,0,0,0,0
Nordeste,PI,3/3/2020,0,0,0,0
Nordeste,PI,4/3/2020,0,0,0,0
Nordeste,PI,5/3/2020,0,0,0,0
Nordeste,PI,6/3/2020,0,0,0,0
Nordeste,PI,7/3/2020,0,0,0,0
Nordeste,PI,8/3/2020,0,0,0,0
Nordeste,PI,9/3/2020,0,0,0,0
Nordeste,PI,10/3/2020,0,0,0,0
Nordeste,PI,11/3/2020,0,0,0,0
Nordeste,PI,12/3/2020,0,0,0,0
Nordeste,PI,13/3/2020,0,0,0,0
Nordeste,PI,14/3/2020,0,0,0,0
Nordeste,PI,15/3/2020,0,0,0,0
Nordeste,PI,16/3/2020,0,0,0,0
Nordeste,PI,17/3/2020,0,0,0,0
Nordeste,PI,18/3/2020,0,0,0,0
Nordeste,PI,19/3/2020,0,0,0,0
Nordeste,PI,20/3/2020,3,3,0,0
Nordeste,PI,21/3/2020,1,4,0,0
Nordeste,PI,22/3/2020,0,4,0,0
Nordeste,PI,23/3/2020,2,6,0,0
Nordeste,PI,24/3/2020,0,6,0,0
Nordeste,PI,25/3/2020,2,8,0,0
Nordeste,PI,26/3/2020,1,9,0,0
Nordeste,PI,27/3/2020,0,9,0,0
Nordeste,PI,28/3/2020,2,11,1,1
Nordeste,PI,29/3/2020,3,14,0,1
Nordeste,PI,30/3/2020,2,16,2,3
Nordeste,PI,31/3/2020,2,18,1,4
Nordeste,PI,1/4/2020,0,18,0,4
Nordeste,PI,2/4/2020,1,19,0,4
Nordeste,PI,3/4/2020,2,21,0,4
Nordeste,PI,4/4/2020,1,22,0,4
Nordeste,PI,5/4/2020,1,23,0,4
Nordeste,PI,6/4/2020,0,23,0,4
Nordeste,PI,7/4/2020,5,28,0,4
Nordeste,PI,8/4/2020,3,31,1,5
Nordeste,PI,9/4/2020,7,38,1,6
Nordeste,PI,10/4/2020,2,40,1,7
Nordeste,PI,11/4/2020,1,41,0,7
Nordeste,PI,12/4/2020,3,44,0,7
Nordeste,PI,13/4/2020,6,50,1,8
Nordeste,PI,14/4/2020,8,58,0,8
Nordeste,CE,30/1/2020,0,0,0,0
Nordeste,CE,31/1/2020,0,0,0,0
Nordeste,CE,1/2/2020,0,0,0,0
Nordeste,CE,2/2/2020,0,0,0,0
Nordeste,CE,3/2/2020,0,0,0,0
Nordeste,CE,4/2/2020,0,0,0,0
Nordeste,CE,5/2/2020,0,0,0,0
Nordeste,CE,6/2/2020,0,0,0,0
Nordeste,CE,7/2/2020,0,0,0,0
Nordeste,CE,8/2/2020,0,0,0,0
Nordeste,CE,9/2/2020,0,0,0,0
Nordeste,CE,10/2/2020,0,0,0,0
Nordeste,CE,11/2/2020,0,0,0,0
Nordeste,CE,12/2/2020,0,0,0,0
Nordeste,CE,13/2/2020,0,0,0,0
Nordeste,CE,14/2/2020,0,0,0,0
Nordeste,CE,15/2/2020,0,0,0,0
Nordeste,CE,16/2/2020,0,0,0,0
Nordeste,CE,17/2/2020,0,0,0,0
Nordeste,CE,18/2/2020,0,0,0,0
Nordeste,CE,19/2/2020,0,0,0,0
Nordeste,CE,20/2/2020,0,0,0,0
Nordeste,CE,21/2/2020,0,0,0,0
Nordeste,CE,22/2/2020,0,0,0,0
Nordeste,CE,23/2/2020,0,0,0,0
Nordeste,CE,24/2/2020,0,0,0,0
Nordeste,CE,25/2/2020,0,0,0,0
Nordeste,CE,26/2/2020,0,0,0,0
Nordeste,CE,27/2/2020,0,0,0,0
Nordeste,CE,28/2/2020,0,0,0,0
Nordeste,CE,29/2/2020,0,0,0,0
Nordeste,CE,1/3/2020,0,0,0,0
Nordeste,CE,2/3/2020,0,0,0,0
Nordeste,CE,3/3/2020,0,0,0,0
Nordeste,CE,4/3/2020,0,0,0,0
Nordeste,CE,5/3/2020,0,0,0,0
Nordeste,CE,6/3/2020,0,0,0,0
Nordeste,CE,7/3/2020,0,0,0,0
Nordeste,CE,8/3/2020,0,0,0,0
Nordeste,CE,9/3/2020,0,0,0,0
Nordeste,CE,10/3/2020,0,0,0,0
Nordeste,CE,11/3/2020,0,0,0,0
Nordeste,CE,12/3/2020,0,0,0,0
Nordeste,CE,13/3/2020,0,0,0,0
Nordeste,CE,14/3/2020,0,0,0,0
Nordeste,CE,15/3/2020,0,0,0,0
Nordeste,CE,16/3/2020,0,0,0,0
Nordeste,CE,17/3/2020,5,5,0,0
Nordeste,CE,18/3/2020,4,9,0,0
Nordeste,CE,19/3/2020,11,20,0,0
Nordeste,CE,20/3/2020,35,55,0,0
Nordeste,CE,21/3/2020,13,68,0,0
Nordeste,CE,22/3/2020,44,112,0,0
Nordeste,CE,23/3/2020,51,163,0,0
Nordeste,CE,24/3/2020,19,182,0,0
Nordeste,CE,25/3/2020,18,200,0,0
Nordeste,CE,26/3/2020,35,235,3,3
Nordeste,CE,27/3/2020,47,282,0,3
Nordeste,CE,28/3/2020,32,314,1,4
Nordeste,CE,29/3/2020,34,348,1,5
Nordeste,CE,30/3/2020,24,372,0,5
Nordeste,CE,31/3/2020,18,390,2,7
Nordeste,CE,1/4/2020,54,444,1,8
Nordeste,CE,2/4/2020,106,550,12,20
Nordeste,CE,3/4/2020,77,627,2,22
Nordeste,CE,4/4/2020,103,730,0,22
Nordeste,CE,5/4/2020,93,823,4,26
Nordeste,CE,6/4/2020,190,1013,3,29
Nordeste,CE,7/4/2020,38,1051,2,31
Nordeste,CE,8/4/2020,240,1291,12,43
Nordeste,CE,9/4/2020,134,1425,12,55
Nordeste,CE,10/4/2020,53,1478,3,58
Nordeste,CE,11/4/2020,104,1582,9,67
Nordeste,CE,12/4/2020,94,1676,7,74
Nordeste,CE,13/4/2020,124,1800,17,91
Nordeste,CE,14/4/2020,205,2005,16,107
Nordeste,RN,30/1/2020,0,0,0,0
Nordeste,RN,31/1/2020,0,0,0,0
Nordeste,RN,1/2/2020,0,0,0,0
Nordeste,RN,2/2/2020,0,0,0,0
Nordeste,RN,3/2/2020,0,0,0,0
Nordeste,RN,4/2/2020,0,0,0,0
Nordeste,RN,5/2/2020,0,0,0,0
Nordeste,RN,6/2/2020,0,0,0,0
Nordeste,RN,7/2/2020,0,0,0,0
Nordeste,RN,8/2/2020,0,0,0,0
Nordeste,RN,9/2/2020,0,0,0,0
Nordeste,RN,10/2/2020,0,0,0,0
Nordeste,RN,11/2/2020,0,0,0,0
Nordeste,RN,12/2/2020,0,0,0,0
Nordeste,RN,13/2/2020,0,0,0,0
Nordeste,RN,14/2/2020,0,0,0,0
Nordeste,RN,15/2/2020,0,0,0,0
Nordeste,RN,16/2/2020,0,0,0,0
Nordeste,RN,17/2/2020,0,0,0,0
Nordeste,RN,18/2/2020,0,0,0,0
Nordeste,RN,19/2/2020,0,0,0,0
Nordeste,RN,20/2/2020,0,0,0,0
Nordeste,RN,21/2/2020,0,0,0,0
Nordeste,RN,22/2/2020,0,0,0,0
Nordeste,RN,23/2/2020,0,0,0,0
Nordeste,RN,24/2/2020,0,0,0,0
Nordeste,RN,25/2/2020,0,0,0,0
Nordeste,RN,26/2/2020,0,0,0,0
Nordeste,RN,27/2/2020,0,0,0,0
Nordeste,RN,28/2/2020,0,0,0,0
Nordeste,RN,29/2/2020,0,0,0,0
Nordeste,RN,1/3/2020,0,0,0,0
Nordeste,RN,2/3/2020,0,0,0,0
Nordeste,RN,3/3/2020,0,0,0,0
Nordeste,RN,4/3/2020,0,0,0,0
Nordeste,RN,5/3/2020,0,0,0,0
Nordeste,RN,6/3/2020,0,0,0,0
Nordeste,RN,7/3/2020,0,0,0,0
Nordeste,RN,8/3/2020,0,0,0,0
Nordeste,RN,9/3/2020,0,0,0,0
Nordeste,RN,10/3/2020,0,0,0,0
Nordeste,RN,11/3/2020,0,0,0,0
Nordeste,RN,12/3/2020,0,0,0,0
Nordeste,RN,13/3/2020,1,1,0,0
Nordeste,RN,14/3/2020,0,1,0,0
Nordeste,RN,15/3/2020,0,1,0,0
Nordeste,RN,16/3/2020,0,1,0,0
Nordeste,RN,17/3/2020,0,1,0,0
Nordeste,RN,18/3/2020,0,1,0,0
Nordeste,RN,19/3/2020,0,1,0,0
Nordeste,RN,20/3/2020,0,1,0,0
Nordeste,RN,21/3/2020,5,6,0,0
Nordeste,RN,22/3/2020,3,9,0,0
Nordeste,RN,23/3/2020,4,13,0,0
Nordeste,RN,24/3/2020,0,13,0,0
Nordeste,RN,25/3/2020,1,14,0,0
Nordeste,RN,26/3/2020,5,19,0,0
Nordeste,RN,27/3/2020,9,28,0,0
Nordeste,RN,28/3/2020,17,45,0,0
Nordeste,RN,29/3/2020,23,68,1,1
Nordeste,RN,30/3/2020,9,77,0,1
Nordeste,RN,31/3/2020,5,82,0,1
Nordeste,RN,1/4/2020,10,92,1,2
Nordeste,RN,2/4/2020,13,105,0,2
Nordeste,RN,3/4/2020,71,176,2,4
Nordeste,RN,4/4/2020,36,212,1,5
Nordeste,RN,5/4/2020,30,242,2,7
Nordeste,RN,6/4/2020,4,246,0,7
Nordeste,RN,7/4/2020,8,254,1,8
Nordeste,RN,8/4/2020,7,261,3,11
Nordeste,RN,9/4/2020,0,261,0,11
Nordeste,RN,10/4/2020,2,263,0,11
Nordeste,RN,11/4/2020,26,289,2,13
Nordeste,RN,12/4/2020,13,302,2,15
Nordeste,RN,13/4/2020,37,339,2,17
Nordeste,RN,14/4/2020,37,376,1,18
Nordeste,PB,30/1/2020,0,0,0,0
Nordeste,PB,31/1/2020,0,0,0,0
Nordeste,PB,1/2/2020,0,0,0,0
Nordeste,PB,2/2/2020,0,0,0,0
Nordeste,PB,3/2/2020,0,0,0,0
Nordeste,PB,4/2/2020,0,0,0,0
Nordeste,PB,5/2/2020,0,0,0,0
Nordeste,PB,6/2/2020,0,0,0,0
Nordeste,PB,7/2/2020,0,0,0,0
Nordeste,PB,8/2/2020,0,0,0,0
Nordeste,PB,9/2/2020,0,0,0,0
Nordeste,PB,10/2/2020,0,0,0,0
Nordeste,PB,11/2/2020,0,0,0,0
Nordeste,PB,12/2/2020,0,0,0,0
Nordeste,PB,13/2/2020,0,0,0,0
Nordeste,PB,14/2/2020,0,0,0,0
Nordeste,PB,15/2/2020,0,0,0,0
Nordeste,PB,16/2/2020,0,0,0,0
Nordeste,PB,17/2/2020,0,0,0,0
Nordeste,PB,18/2/2020,0,0,0,0
Nordeste,PB,19/2/2020,0,0,0,0
Nordeste,PB,20/2/2020,0,0,0,0
Nordeste,PB,21/2/2020,0,0,0,0
Nordeste,PB,22/2/2020,0,0,0,0
Nordeste,PB,23/2/2020,0,0,0,0
Nordeste,PB,24/2/2020,0,0,0,0
Nordeste,PB,25/2/2020,0,0,0,0
Nordeste,PB,26/2/2020,0,0,0,0
Nordeste,PB,27/2/2020,0,0,0,0
Nordeste,PB,28/2/2020,0,0,0,0
Nordeste,PB,29/2/2020,0,0,0,0
Nordeste,PB,1/3/2020,0,0,0,0
Nordeste,PB,2/3/2020,0,0,0,0
Nordeste,PB,3/3/2020,0,0,0,0
Nordeste,PB,4/3/2020,0,0,0,0
Nordeste,PB,5/3/2020,0,0,0,0
Nordeste,PB,6/3/2020,0,0,0,0
Nordeste,PB,7/3/2020,0,0,0,0
Nordeste,PB,8/3/2020,0,0,0,0
Nordeste,PB,9/3/2020,0,0,0,0
Nordeste,PB,10/3/2020,0,0,0,0
Nordeste,PB,11/3/2020,0,0,0,0
Nordeste,PB,12/3/2020,0,0,0,0
Nordeste,PB,13/3/2020,0,0,0,0
Nordeste,PB,14/3/2020,0,0,0,0
Nordeste,PB,15/3/2020,0,0,0,0
Nordeste,PB,16/3/2020,0,0,0,0
Nordeste,PB,17/3/2020,0,0,0,0
Nordeste,PB,18/3/2020,0,0,0,0
Nordeste,PB,19/3/2020,1,1,0,0
Nordeste,PB,20/3/2020,0,1,0,0
Nordeste,PB,21/3/2020,0,1,0,0
Nordeste,PB,22/3/2020,0,1,0,0
Nordeste,PB,23/3/2020,1,2,0,0
Nordeste,PB,24/3/2020,1,3,0,0
Nordeste,PB,25/3/2020,0,3,0,0
Nordeste,PB,26/3/2020,2,5,0,0
Nordeste,PB,27/3/2020,4,9,0,0
Nordeste,PB,28/3/2020,5,14,0,0
Nordeste,PB,29/3/2020,0,14,0,0
Nordeste,PB,30/3/2020,1,15,0,0
Nordeste,PB,31/3/2020,2,17,0,0
Nordeste,PB,1/4/2020,3,20,1,1
Nordeste,PB,2/4/2020,1,21,0,1
Nordeste,PB,3/4/2020,8,29,0,1
Nordeste,PB,4/4/2020,3,32,1,2
Nordeste,PB,5/4/2020,2,34,2,4
Nordeste,PB,6/4/2020,1,35,0,4
Nordeste,PB,7/4/2020,1,36,0,4
Nordeste,PB,8/4/2020,5,41,0,4
Nordeste,PB,9/4/2020,14,55,3,7
Nordeste,PB,10/4/2020,24,79,4,11
Nordeste,PB,11/4/2020,6,85,0,11
Nordeste,PB,12/4/2020,16,101,2,13
Nordeste,PB,13/4/2020,10,111,0,13
Nordeste,PB,14/4/2020,25,136,3,16
Nordeste,PE,30/1/2020,0,0,0,0
Nordeste,PE,31/1/2020,0,0,0,0
Nordeste,PE,1/2/2020,0,0,0,0
Nordeste,PE,2/2/2020,0,0,0,0
Nordeste,PE,3/2/2020,0,0,0,0
Nordeste,PE,4/2/2020,0,0,0,0
Nordeste,PE,5/2/2020,0,0,0,0
Nordeste,PE,6/2/2020,0,0,0,0
Nordeste,PE,7/2/2020,0,0,0,0
Nordeste,PE,8/2/2020,0,0,0,0
Nordeste,PE,9/2/2020,0,0,0,0
Nordeste,PE,10/2/2020,0,0,0,0
Nordeste,PE,11/2/2020,0,0,0,0
Nordeste,PE,12/2/2020,0,0,0,0
Nordeste,PE,13/2/2020,0,0,0,0
Nordeste,PE,14/2/2020,0,0,0,0
Nordeste,PE,15/2/2020,0,0,0,0
Nordeste,PE,16/2/2020,0,0,0,0
Nordeste,PE,17/2/2020,0,0,0,0
Nordeste,PE,18/2/2020,0,0,0,0
Nordeste,PE,19/2/2020,0,0,0,0
Nordeste,PE,20/2/2020,0,0,0,0
Nordeste,PE,21/2/2020,0,0,0,0
Nordeste,PE,22/2/2020,0,0,0,0
Nordeste,PE,23/2/2020,0,0,0,0
Nordeste,PE,24/2/2020,0,0,0,0
Nordeste,PE,25/2/2020,0,0,0,0
Nordeste,PE,26/2/2020,0,0,0,0
Nordeste,PE,27/2/2020,0,0,0,0
Nordeste,PE,28/2/2020,0,0,0,0
Nordeste,PE,29/2/2020,0,0,0,0
Nordeste,PE,1/3/2020,0,0,0,0
Nordeste,PE,2/3/2020,0,0,0,0
Nordeste,PE,3/3/2020,0,0,0,0
Nordeste,PE,4/3/2020,0,0,0,0
Nordeste,PE,5/3/2020,0,0,0,0
Nordeste,PE,6/3/2020,0,0,0,0
Nordeste,PE,7/3/2020,0,0,0,0
Nordeste,PE,8/3/2020,0,0,0,0
Nordeste,PE,9/3/2020,0,0,0,0
Nordeste,PE,10/3/2020,0,0,0,0
Nordeste,PE,11/3/2020,0,0,0,0
Nordeste,PE,12/3/2020,2,2,0,0
Nordeste,PE,13/3/2020,0,2,0,0
Nordeste,PE,14/3/2020,0,2,0,0
Nordeste,PE,15/3/2020,0,2,0,0
Nordeste,PE,16/3/2020,0,2,0,0
Nordeste,PE,17/3/2020,14,16,0,0
Nordeste,PE,18/3/2020,0,16,0,0
Nordeste,PE,19/3/2020,12,28,0,0
Nordeste,PE,20/3/2020,2,30,0,0
Nordeste,PE,21/3/2020,0,30,0,0
Nordeste,PE,22/3/2020,7,37,0,0
Nordeste,PE,23/3/2020,5,42,0,0
Nordeste,PE,24/3/2020,0,42,0,0
Nordeste,PE,25/3/2020,4,46,1,1
Nordeste,PE,26/3/2020,2,48,2,3
Nordeste,PE,27/3/2020,8,56,1,4
Nordeste,PE,28/3/2020,12,68,1,5
Nordeste,PE,29/3/2020,5,73,0,5
Nordeste,PE,30/3/2020,5,78,1,6
Nordeste,PE,31/3/2020,9,87,0,6
Nordeste,PE,1/4/2020,8,95,2,8
Nordeste,PE,2/4/2020,11,106,1,9
Nordeste,PE,3/4/2020,30,136,1,10
Nordeste,PE,4/4/2020,40,176,4,14
Nordeste,PE,5/4/2020,25,201,7,21
Nordeste,PE,6/4/2020,22,223,9,30
Nordeste,PE,7/4/2020,129,352,4,34
Nordeste,PE,8/4/2020,49,401,12,46
Nordeste,PE,9/4/2020,154,555,10,56
Nordeste,PE,10/4/2020,129,684,9,65
Nordeste,PE,11/4/2020,132,816,7,72
Nordeste,PE,12/4/2020,144,960,13,85
Nordeste,PE,13/4/2020,194,1154,17,102
Nordeste,PE,14/4/2020,130,1284,13,115
Nordeste,AL,30/1/2020,0,0,0,0
Nordeste,AL,31/1/2020,0,0,0,0
Nordeste,AL,1/2/2020,0,0,0,0
Nordeste,AL,2/2/2020,0,0,0,0
Nordeste,AL,3/2/2020,0,0,0,0
Nordeste,AL,4/2/2020,0,0,0,0
Nordeste,AL,5/2/2020,0,0,0,0
Nordeste,AL,6/2/2020,0,0,0,0
Nordeste,AL,7/2/2020,0,0,0,0
Nordeste,AL,8/2/2020,0,0,0,0
Nordeste,AL,9/2/2020,0,0,0,0
Nordeste,AL,10/2/2020,0,0,0,0
Nordeste,AL,11/2/2020,0,0,0,0
Nordeste,AL,12/2/2020,0,0,0,0
Nordeste,AL,13/2/2020,0,0,0,0
Nordeste,AL,14/2/2020,0,0,0,0
Nordeste,AL,15/2/2020,0,0,0,0
Nordeste,AL,16/2/2020,0,0,0,0
Nordeste,AL,17/2/2020,0,0,0,0
Nordeste,AL,18/2/2020,0,0,0,0
Nordeste,AL,19/2/2020,0,0,0,0
Nordeste,AL,20/2/2020,0,0,0,0
Nordeste,AL,21/2/2020,0,0,0,0
Nordeste,AL,22/2/2020,0,0,0,0
Nordeste,AL,23/2/2020,0,0,0,0
Nordeste,AL,24/2/2020,0,0,0,0
Nordeste,AL,25/2/2020,0,0,0,0
Nordeste,AL,26/2/2020,0,0,0,0
Nordeste,AL,27/2/2020,0,0,0,0
Nordeste,AL,28/2/2020,0,0,0,0
Nordeste,AL,29/2/2020,0,0,0,0
Nordeste,AL,1/3/2020,0,0,0,0
Nordeste,AL,2/3/2020,0,0,0,0
Nordeste,AL,3/3/2020,0,0,0,0
Nordeste,AL,4/3/2020,0,0,0,0
Nordeste,AL,5/3/2020,0,0,0,0
Nordeste,AL,6/3/2020,0,0,0,0
Nordeste,AL,7/3/2020,0,0,0,0
Nordeste,AL,8/3/2020,1,1,0,0
Nordeste,AL,9/3/2020,0,1,0,0
Nordeste,AL,10/3/2020,0,1,0,0
Nordeste,AL,11/3/2020,0,1,0,0
Nordeste,AL,12/3/2020,0,1,0,0
Nordeste,AL,13/3/2020,0,1,0,0
Nordeste,AL,14/3/2020,0,1,0,0
Nordeste,AL,15/3/2020,0,1,0,0
Nordeste,AL,16/3/2020,0,1,0,0
Nordeste,AL,17/3/2020,0,1,0,0
Nordeste,AL,18/3/2020,0,1,0,0
Nordeste,AL,19/3/2020,3,4,0,0
Nordeste,AL,20/3/2020,1,5,0,0
Nordeste,AL,21/3/2020,2,7,0,0
Nordeste,AL,22/3/2020,0,7,0,0
Nordeste,AL,23/3/2020,0,7,0,0
Nordeste,AL,24/3/2020,2,9,0,0
Nordeste,AL,25/3/2020,2,11,0,0
Nordeste,AL,26/3/2020,0,11,0,0
Nordeste,AL,27/3/2020,0,11,0,0
Nordeste,AL,28/3/2020,3,14,0,0
Nordeste,AL,29/3/2020,3,17,0,0
Nordeste,AL,30/3/2020,0,17,0,0
Nordeste,AL,31/3/2020,1,18,1,1
Nordeste,AL,1/4/2020,0,18,0,1
Nordeste,AL,2/4/2020,0,18,0,1
Nordeste,AL,3/4/2020,4,22,1,2
Nordeste,AL,4/4/2020,1,23,0,2
Nordeste,AL,5/4/2020,5,28,0,2
Nordeste,AL,6/4/2020,3,31,0,2
Nordeste,AL,7/4/2020,1,32,0,2
Nordeste,AL,8/4/2020,5,37,0,2
Nordeste,AL,9/4/2020,0,37,1,3
Nordeste,AL,10/4/2020,8,45,0,3
Nordeste,AL,11/4/2020,3,48,0,3
Nordeste,AL,12/4/2020,0,48,0,3
Nordeste,AL,13/4/2020,2,50,0,3
Nordeste,AL,14/4/2020,22,72,1,4
Nordeste,SE,30/1/2020,0,0,0,0
Nordeste,SE,31/1/2020,0,0,0,0
Nordeste,SE,1/2/2020,0,0,0,0
Nordeste,SE,2/2/2020,0,0,0,0
Nordeste,SE,3/2/2020,0,0,0,0
Nordeste,SE,4/2/2020,0,0,0,0
Nordeste,SE,5/2/2020,0,0,0,0
Nordeste,SE,6/2/2020,0,0,0,0
Nordeste,SE,7/2/2020,0,0,0,0
Nordeste,SE,8/2/2020,0,0,0,0
Nordeste,SE,9/2/2020,0,0,0,0
Nordeste,SE,10/2/2020,0,0,0,0
Nordeste,SE,11/2/2020,0,0,0,0
Nordeste,SE,12/2/2020,0,0,0,0
Nordeste,SE,13/2/2020,0,0,0,0
Nordeste,SE,14/2/2020,0,0,0,0
Nordeste,SE,15/2/2020,0,0,0,0
Nordeste,SE,16/2/2020,0,0,0,0
Nordeste,SE,17/2/2020,0,0,0,0
Nordeste,SE,18/2/2020,0,0,0,0
Nordeste,SE,19/2/2020,0,0,0,0
Nordeste,SE,20/2/2020,0,0,0,0
Nordeste,SE,21/2/2020,0,0,0,0
Nordeste,SE,22/2/2020,0,0,0,0
Nordeste,SE,23/2/2020,0,0,0,0
Nordeste,SE,24/2/2020,0,0,0,0
Nordeste,SE,25/2/2020,0,0,0,0
Nordeste,SE,26/2/2020,0,0,0,0
Nordeste,SE,27/2/2020,0,0,0,0
Nordeste,SE,28/2/2020,0,0,0,0
Nordeste,SE,29/2/2020,0,0,0,0
Nordeste,SE,1/3/2020,0,0,0,0
Nordeste,SE,2/3/2020,0,0,0,0
Nordeste,SE,3/3/2020,0,0,0,0
Nordeste,SE,4/3/2020,0,0,0,0
Nordeste,SE,5/3/2020,0,0,0,0
Nordeste,SE,6/3/2020,0,0,0,0
Nordeste,SE,7/3/2020,0,0,0,0
Nordeste,SE,8/3/2020,0,0,0,0
Nordeste,SE,9/3/2020,0,0,0,0
Nordeste,SE,10/3/2020,0,0,0,0
Nordeste,SE,11/3/2020,0,0,0,0
Nordeste,SE,12/3/2020,0,0,0,0
Nordeste,SE,13/3/2020,0,0,0,0
Nordeste,SE,14/3/2020,0,0,0,0
Nordeste,SE,15/3/2020,1,1,0,0
Nordeste,SE,16/3/2020,0,1,0,0
Nordeste,SE,17/3/2020,3,4,0,0
Nordeste,SE,18/3/2020,1,5,0,0
Nordeste,SE,19/3/2020,1,6,0,0
Nordeste,SE,20/3/2020,0,6,0,0
Nordeste,SE,21/3/2020,4,10,0,0
Nordeste,SE,22/3/2020,0,10,0,0
Nordeste,SE,23/3/2020,0,10,0,0
Nordeste,SE,24/3/2020,5,15,0,0
Nordeste,SE,25/3/2020,1,16,0,0
Nordeste,SE,26/3/2020,0,16,0,0
Nordeste,SE,27/3/2020,0,16,0,0
Nordeste,SE,28/3/2020,0,16,0,0
Nordeste,SE,29/3/2020,0,16,0,0
Nordeste,SE,30/3/2020,0,16,0,0
Nordeste,SE,31/3/2020,3,19,0,0
Nordeste,SE,1/4/2020,1,20,0,0
Nordeste,SE,2/4/2020,3,23,2,2
Nordeste,SE,3/4/2020,2,25,0,2
Nordeste,SE,4/4/2020,2,27,0,2
Nordeste,SE,5/4/2020,5,32,1,3
Nordeste,SE,6/4/2020,0,32,1,4
Nordeste,SE,7/4/2020,4,36,0,4
Nordeste,SE,8/4/2020,0,36,0,4
Nordeste,SE,9/4/2020,3,39,0,4
Nordeste,SE,10/4/2020,3,42,0,4
Nordeste,SE,11/4/2020,0,42,0,4
Nordeste,SE,12/4/2020,2,44,0,4
Nordeste,SE,13/4/2020,0,44,0,4
Nordeste,SE,14/4/2020,1,45,0,4
Nordeste,BA,30/1/2020,0,0,0,0
Nordeste,BA,31/1/2020,0,0,0,0
Nordeste,BA,1/2/2020,0,0,0,0
Nordeste,BA,2/2/2020,0,0,0,0
Nordeste,BA,3/2/2020,0,0,0,0
Nordeste,BA,4/2/2020,0,0,0,0
Nordeste,BA,5/2/2020,0,0,0,0
Nordeste,BA,6/2/2020,0,0,0,0
Nordeste,BA,7/2/2020,0,0,0,0
Nordeste,BA,8/2/2020,0,0,0,0
Nordeste,BA,9/2/2020,0,0,0,0
Nordeste,BA,10/2/2020,0,0,0,0
Nordeste,BA,11/2/2020,0,0,0,0
Nordeste,BA,12/2/2020,0,0,0,0
Nordeste,BA,13/2/2020,0,0,0,0
Nordeste,BA,14/2/2020,0,0,0,0
Nordeste,BA,15/2/2020,0,0,0,0
Nordeste,BA,16/2/2020,0,0,0,0
Nordeste,BA,17/2/2020,0,0,0,0
Nordeste,BA,18/2/2020,0,0,0,0
Nordeste,BA,19/2/2020,0,0,0,0
Nordeste,BA,20/2/2020,0,0,0,0
Nordeste,BA,21/2/2020,0,0,0,0
Nordeste,BA,22/2/2020,0,0,0,0
Nordeste,BA,23/2/2020,0,0,0,0
Nordeste,BA,24/2/2020,0,0,0,0
Nordeste,BA,25/2/2020,0,0,0,0
Nordeste,BA,26/2/2020,0,0,0,0
Nordeste,BA,27/2/2020,0,0,0,0
Nordeste,BA,28/2/2020,0,0,0,0
Nordeste,BA,29/2/2020,0,0,0,0
Nordeste,BA,1/3/2020,0,0,0,0
Nordeste,BA,2/3/2020,0,0,0,0
Nordeste,BA,3/3/2020,0,0,0,0
Nordeste,BA,4/3/2020,0,0,0,0
Nordeste,BA,5/3/2020,0,0,0,0
Nordeste,BA,6/3/2020,1,1,0,0
Nordeste,BA,7/3/2020,1,2,0,0
Nordeste,BA,8/3/2020,0,2,0,0
Nordeste,BA,9/3/2020,0,2,0,0
Nordeste,BA,10/3/2020,0,2,0,0
Nordeste,BA,11/3/2020,0,2,0,0
Nordeste,BA,12/3/2020,0,2,0,0
Nordeste,BA,13/3/2020,0,2,0,0
Nordeste,BA,14/3/2020,0,2,0,0
Nordeste,BA,15/3/2020,0,2,0,0
Nordeste,BA,16/3/2020,0,2,0,0
Nordeste,BA,17/3/2020,1,3,0,0
Nordeste,BA,18/3/2020,0,3,0,0
Nordeste,BA,19/3/2020,27,30,0,0
Nordeste,BA,20/3/2020,3,33,0,0
Nordeste,BA,21/3/2020,8,41,0,0
Nordeste,BA,22/3/2020,8,49,0,0
Nordeste,BA,23/3/2020,14,63,0,0
Nordeste,BA,24/3/2020,13,76,0,0
Nordeste,BA,25/3/2020,8,84,0,0
Nordeste,BA,26/3/2020,20,104,0,0
Nordeste,BA,27/3/2020,11,115,0,0
Nordeste,BA,28/3/2020,12,127,0,0
Nordeste,BA,29/3/2020,27,154,1,1
Nordeste,BA,30/3/2020,22,176,0,1
Nordeste,BA,31/3/2020,37,213,1,2
Nordeste,BA,1/4/2020,33,246,0,2
Nordeste,BA,2/4/2020,21,267,1,3
Nordeste,BA,3/4/2020,15,282,2,5
Nordeste,BA,4/4/2020,50,332,2,7
Nordeste,BA,5/4/2020,69,401,2,9
Nordeste,BA,6/4/2020,30,431,1,10
Nordeste,BA,7/4/2020,25,456,2,12
Nordeste,BA,8/4/2020,41,497,3,15
Nordeste,BA,9/4/2020,62,559,4,19
Nordeste,BA,10/4/2020,45,604,0,19
Nordeste,BA,11/4/2020,31,635,2,21
Nordeste,BA,12/4/2020,38,673,0,21
Nordeste,BA,13/4/2020,50,723,1,22
Nordeste,BA,14/4/2020,36,759,0,22
Sudeste,MG,30/1/2020,0,0,0,0
Sudeste,MG,31/1/2020,0,0,0,0
Sudeste,MG,1/2/2020,0,0,0,0
Sudeste,MG,2/2/2020,0,0,0,0
Sudeste,MG,3/2/2020,0,0,0,0
Sudeste,MG,4/2/2020,0,0,0,0
Sudeste,MG,5/2/2020,0,0,0,0
Sudeste,MG,6/2/2020,0,0,0,0
Sudeste,MG,7/2/2020,0,0,0,0
Sudeste,MG,8/2/2020,0,0,0,0
Sudeste,MG,9/2/2020,0,0,0,0
Sudeste,MG,10/2/2020,0,0,0,0
Sudeste,MG,11/2/2020,0,0,0,0
Sudeste,MG,12/2/2020,0,0,0,0
Sudeste,MG,13/2/2020,0,0,0,0
Sudeste,MG,14/2/2020,0,0,0,0
Sudeste,MG,15/2/2020,0,0,0,0
Sudeste,MG,16/2/2020,0,0,0,0
Sudeste,MG,17/2/2020,0,0,0,0
Sudeste,MG,18/2/2020,0,0,0,0
Sudeste,MG,19/2/2020,0,0,0,0
Sudeste,MG,20/2/2020,0,0,0,0
Sudeste,MG,21/2/2020,0,0,0,0
Sudeste,MG,22/2/2020,0,0,0,0
Sudeste,MG,23/2/2020,0,0,0,0
Sudeste,MG,24/2/2020,0,0,0,0
Sudeste,MG,25/2/2020,0,0,0,0
Sudeste,MG,26/2/2020,0,0,0,0
Sudeste,MG,27/2/2020,0,0,0,0
Sudeste,MG,28/2/2020,0,0,0,0
Sudeste,MG,29/2/2020,0,0,0,0
Sudeste,MG,1/3/2020,0,0,0,0
Sudeste,MG,2/3/2020,0,0,0,0
Sudeste,MG,3/3/2020,0,0,0,0
Sudeste,MG,4/3/2020,0,0,0,0
Sudeste,MG,5/3/2020,0,0,0,0
Sudeste,MG,6/3/2020,0,0,0,0
Sudeste,MG,7/3/2020,0,0,0,0
Sudeste,MG,8/3/2020,1,1,0,0
Sudeste,MG,9/3/2020,0,1,0,0
Sudeste,MG,10/3/2020,0,1,0,0
Sudeste,MG,11/3/2020,0,1,0,0
Sudeste,MG,12/3/2020,0,1,0,0
Sudeste,MG,13/3/2020,1,2,0,0
Sudeste,MG,14/3/2020,0,2,0,0
Sudeste,MG,15/3/2020,0,2,0,0
Sudeste,MG,16/3/2020,3,5,0,0
Sudeste,MG,17/3/2020,2,7,0,0
Sudeste,MG,18/3/2020,8,15,0,0
Sudeste,MG,19/3/2020,14,29,0,0
Sudeste,MG,20/3/2020,6,35,0,0
Sudeste,MG,21/3/2020,3,38,0,0
Sudeste,MG,22/3/2020,45,83,0,0
Sudeste,MG,23/3/2020,45,128,0,0
Sudeste,MG,24/3/2020,2,130,0,0
Sudeste,MG,25/3/2020,3,133,0,0
Sudeste,MG,26/3/2020,20,153,0,0
Sudeste,MG,27/3/2020,36,189,0,0
Sudeste,MG,28/3/2020,16,205,0,0
Sudeste,MG,29/3/2020,26,231,0,0
Sudeste,MG,30/3/2020,30,261,1,1
Sudeste,MG,31/3/2020,14,275,1,2
Sudeste,MG,1/4/2020,39,314,1,3
Sudeste,MG,2/4/2020,56,370,1,4
Sudeste,MG,3/4/2020,27,397,2,6
Sudeste,MG,4/4/2020,33,430,0,6
Sudeste,MG,5/4/2020,68,498,0,6
Sudeste,MG,6/4/2020,27,525,3,9
Sudeste,MG,7/4/2020,34,559,2,11
Sudeste,MG,8/4/2020,55,614,3,14
Sudeste,MG,9/4/2020,41,655,1,15
Sudeste,MG,10/4/2020,43,698,2,17
Sudeste,MG,11/4/2020,52,750,0,17
Sudeste,MG,12/4/2020,56,806,3,20
Sudeste,MG,13/4/2020,9,815,3,23
Sudeste,MG,14/4/2020,69,884,4,27
Sudeste,ES,30/1/2020,0,0,0,0
Sudeste,ES,31/1/2020,0,0,0,0
Sudeste,ES,1/2/2020,0,0,0,0
Sudeste,ES,2/2/2020,0,0,0,0
Sudeste,ES,3/2/2020,0,0,0,0
Sudeste,ES,4/2/2020,0,0,0,0
Sudeste,ES,5/2/2020,0,0,0,0
Sudeste,ES,6/2/2020,0,0,0,0
Sudeste,ES,7/2/2020,0,0,0,0
Sudeste,ES,8/2/2020,0,0,0,0
Sudeste,ES,9/2/2020,0,0,0,0
Sudeste,ES,10/2/2020,0,0,0,0
Sudeste,ES,11/2/2020,0,0,0,0
Sudeste,ES,12/2/2020,0,0,0,0
Sudeste,ES,13/2/2020,0,0,0,0
Sudeste,ES,14/2/2020,0,0,0,0
Sudeste,ES,15/2/2020,0,0,0,0
Sudeste,ES,16/2/2020,0,0,0,0
Sudeste,ES,17/2/2020,0,0,0,0
Sudeste,ES,18/2/2020,0,0,0,0
Sudeste,ES,19/2/2020,0,0,0,0
Sudeste,ES,20/2/2020,0,0,0,0
Sudeste,ES,21/2/2020,0,0,0,0
Sudeste,ES,22/2/2020,0,0,0,0
Sudeste,ES,23/2/2020,0,0,0,0
Sudeste,ES,24/2/2020,0,0,0,0
Sudeste,ES,25/2/2020,0,0,0,0
Sudeste,ES,26/2/2020,0,0,0,0
Sudeste,ES,27/2/2020,0,0,0,0
Sudeste,ES,28/2/2020,0,0,0,0
Sudeste,ES,29/2/2020,0,0,0,0
Sudeste,ES,1/3/2020,0,0,0,0
Sudeste,ES,2/3/2020,0,0,0,0
Sudeste,ES,3/3/2020,0,0,0,0
Sudeste,ES,4/3/2020,0,0,0,0
Sudeste,ES,5/3/2020,0,0,0,0
Sudeste,ES,6/3/2020,1,1,0,0
Sudeste,ES,7/3/2020,0,1,0,0
Sudeste,ES,8/3/2020,0,1,0,0
Sudeste,ES,9/3/2020,0,1,0,0
Sudeste,ES,10/3/2020,0,1,0,0
Sudeste,ES,11/3/2020,0,1,0,0
Sudeste,ES,12/3/2020,0,1,0,0
Sudeste,ES,13/3/2020,0,1,0,0
Sudeste,ES,14/3/2020,0,1,0,0
Sudeste,ES,15/3/2020,0,1,0,0
Sudeste,ES,16/3/2020,0,1,0,0
Sudeste,ES,17/3/2020,0,1,0,0
Sudeste,ES,18/3/2020,8,9,0,0
Sudeste,ES,19/3/2020,2,11,0,0
Sudeste,ES,20/3/2020,2,13,0,0
Sudeste,ES,21/3/2020,13,26,0,0
Sudeste,ES,22/3/2020,0,26,0,0
Sudeste,ES,23/3/2020,3,29,0,0
Sudeste,ES,24/3/2020,4,33,0,0
Sudeste,ES,25/3/2020,6,39,0,0
Sudeste,ES,26/3/2020,0,39,0,0
Sudeste,ES,27/3/2020,8,47,0,0
Sudeste,ES,28/3/2020,6,53,0,0
Sudeste,ES,29/3/2020,7,60,0,0
Sudeste,ES,30/3/2020,12,72,0,0
Sudeste,ES,31/3/2020,12,84,0,0
Sudeste,ES,1/4/2020,12,96,0,0
Sudeste,ES,2/4/2020,24,120,1,1
Sudeste,ES,3/4/2020,19,139,3,4
Sudeste,ES,4/4/2020,14,153,1,5
Sudeste,ES,5/4/2020,13,166,1,6
Sudeste,ES,6/4/2020,28,194,0,6
Sudeste,ES,7/4/2020,15,209,0,6
Sudeste,ES,8/4/2020,18,227,0,6
Sudeste,ES,9/4/2020,46,273,0,6
Sudeste,ES,10/4/2020,27,300,1,7
Sudeste,ES,11/4/2020,49,349,2,9
Sudeste,ES,12/4/2020,34,383,0,9
Sudeste,ES,13/4/2020,47,430,5,14
Sudeste,ES,14/4/2020,33,463,3,17
Sudeste,RJ,30/1/2020,0,0,0,0
Sudeste,RJ,31/1/2020,0,0,0,0
Sudeste,RJ,1/2/2020,0,0,0,0
Sudeste,RJ,2/2/2020,0,0,0,0
Sudeste,RJ,3/2/2020,0,0,0,0
Sudeste,RJ,4/2/2020,0,0,0,0
Sudeste,RJ,5/2/2020,0,0,0,0
Sudeste,RJ,6/2/2020,0,0,0,0
Sudeste,RJ,7/2/2020,0,0,0,0
Sudeste,RJ,8/2/2020,0,0,0,0
Sudeste,RJ,9/2/2020,0,0,0,0
Sudeste,RJ,10/2/2020,0,0,0,0
Sudeste,RJ,11/2/2020,0,0,0,0
Sudeste,RJ,12/2/2020,0,0,0,0
Sudeste,RJ,13/2/2020,0,0,0,0
Sudeste,RJ,14/2/2020,0,0,0,0
Sudeste,RJ,15/2/2020,0,0,0,0
Sudeste,RJ,16/2/2020,0,0,0,0
Sudeste,RJ,17/2/2020,0,0,0,0
Sudeste,RJ,18/2/2020,0,0,0,0
Sudeste,RJ,19/2/2020,0,0,0,0
Sudeste,RJ,20/2/2020,0,0,0,0
Sudeste,RJ,21/2/2020,0,0,0,0
Sudeste,RJ,22/2/2020,0,0,0,0
Sudeste,RJ,23/2/2020,0,0,0,0
Sudeste,RJ,24/2/2020,0,0,0,0
Sudeste,RJ,25/2/2020,0,0,0,0
Sudeste,RJ,26/2/2020,0,0,0,0
Sudeste,RJ,27/2/2020,0,0,0,0
Sudeste,RJ,28/2/2020,0,0,0,0
Sudeste,RJ,29/2/2020,0,0,0,0
Sudeste,RJ,1/3/2020,0,0,0,0
Sudeste,RJ,2/3/2020,0,0,0,0
Sudeste,RJ,3/3/2020,0,0,0,0
Sudeste,RJ,4/3/2020,0,0,0,0
Sudeste,RJ,5/3/2020,1,1,0,0
Sudeste,RJ,6/3/2020,0,1,0,0
Sudeste,RJ,7/3/2020,1,2,0,0
Sudeste,RJ,8/3/2020,1,3,0,0
Sudeste,RJ,9/3/2020,0,3,0,0
Sudeste,RJ,10/3/2020,5,8,0,0
Sudeste,RJ,11/3/2020,5,13,0,0
Sudeste,RJ,12/3/2020,3,16,0,0
Sudeste,RJ,13/3/2020,0,16,0,0
Sudeste,RJ,14/3/2020,6,22,0,0
Sudeste,RJ,15/3/2020,2,24,0,0
Sudeste,RJ,16/3/2020,7,31,0,0
Sudeste,RJ,17/3/2020,2,33,0,0
Sudeste,RJ,18/3/2020,12,45,0,0
Sudeste,RJ,19/3/2020,20,65,2,2
Sudeste,RJ,20/3/2020,44,109,0,2
Sudeste,RJ,21/3/2020,10,119,1,3
Sudeste,RJ,22/3/2020,67,186,0,3
Sudeste,RJ,23/3/2020,47,233,1,4
Sudeste,RJ,24/3/2020,72,305,2,6
Sudeste,RJ,25/3/2020,65,370,0,6
Sudeste,RJ,26/3/2020,51,421,3,9
Sudeste,RJ,27/3/2020,72,493,1,10
Sudeste,RJ,28/3/2020,65,558,3,13
Sudeste,RJ,29/3/2020,42,600,4,17
Sudeste,RJ,30/3/2020,57,657,1,18
Sudeste,RJ,31/3/2020,51,708,5,23
Sudeste,RJ,1/4/2020,124,832,5,28
Sudeste,RJ,2/4/2020,160,992,13,41
Sudeste,RJ,3/4/2020,82,1074,6,47
Sudeste,RJ,4/4/2020,172,1246,11,58
Sudeste,RJ,5/4/2020,148,1394,6,64
Sudeste,RJ,6/4/2020,67,1461,7,71
Sudeste,RJ,7/4/2020,227,1688,18,89
Sudeste,RJ,8/4/2020,250,1938,17,106
Sudeste,RJ,9/4/2020,278,2216,16,122
Sudeste,RJ,10/4/2020,248,2464,25,147
Sudeste,RJ,11/4/2020,143,2607,8,155
Sudeste,RJ,12/4/2020,248,2855,15,170
Sudeste,RJ,13/4/2020,376,3231,18,188
Sudeste,RJ,14/4/2020,179,3410,36,224
Sudeste,SP,30/1/2020,0,0,0,0
Sudeste,SP,31/1/2020,0,0,0,0
Sudeste,SP,1/2/2020,0,0,0,0
Sudeste,SP,2/2/2020,0,0,0,0
Sudeste,SP,3/2/2020,0,0,0,0
Sudeste,SP,4/2/2020,0,0,0,0
Sudeste,SP,5/2/2020,0,0,0,0
Sudeste,SP,6/2/2020,0,0,0,0
Sudeste,SP,7/2/2020,0,0,0,0
Sudeste,SP,8/2/2020,0,0,0,0
Sudeste,SP,9/2/2020,0,0,0,0
Sudeste,SP,10/2/2020,0,0,0,0
Sudeste,SP,11/2/2020,0,0,0,0
Sudeste,SP,12/2/2020,0,0,0,0
Sudeste,SP,13/2/2020,0,0,0,0
Sudeste,SP,14/2/2020,0,0,0,0
Sudeste,SP,15/2/2020,0,0,0,0
Sudeste,SP,16/2/2020,0,0,0,0
Sudeste,SP,17/2/2020,0,0,0,0
Sudeste,SP,18/2/2020,0,0,0,0
Sudeste,SP,19/2/2020,0,0,0,0
Sudeste,SP,20/2/2020,0,0,0,0
Sudeste,SP,21/2/2020,0,0,0,0
Sudeste,SP,22/2/2020,0,0,0,0
Sudeste,SP,23/2/2020,0,0,0,0
Sudeste,SP,24/2/2020,0,0,0,0
Sudeste,SP,25/2/2020,0,0,0,0
Sudeste,SP,26/2/2020,1,1,0,0
Sudeste,SP,27/2/2020,0,1,0,0
Sudeste,SP,28/2/2020,0,1,0,0
Sudeste,SP,29/2/2020,1,2,0,0
Sudeste,SP,1/3/2020,0,2,0,0
Sudeste,SP,2/3/2020,0,2,0,0
Sudeste,SP,3/3/2020,0,2,0,0
Sudeste,SP,4/3/2020,1,3,0,0
Sudeste,SP,5/3/2020,3,6,0,0
Sudeste,SP,6/3/2020,4,10,0,0
Sudeste,SP,7/3/2020,3,13,0,0
Sudeste,SP,8/3/2020,3,16,0,0
Sudeste,SP,9/3/2020,0,16,0,0
Sudeste,SP,10/3/2020,3,19,0,0
Sudeste,SP,11/3/2020,11,30,0,0
Sudeste,SP,12/3/2020,12,42,0,0
Sudeste,SP,13/3/2020,14,56,0,0
Sudeste,SP,14/3/2020,9,65,0,0
Sudeste,SP,15/3/2020,71,136,0,0
Sudeste,SP,16/3/2020,16,152,0,0
Sudeste,SP,17/3/2020,12,164,1,1
Sudeste,SP,18/3/2020,76,240,3,4
Sudeste,SP,19/3/2020,46,286,0,4
Sudeste,SP,20/3/2020,110,396,5,9
Sudeste,SP,21/3/2020,63,459,6,15
Sudeste,SP,22/3/2020,172,631,7,22
Sudeste,SP,23/3/2020,114,745,8,30
Sudeste,SP,24/3/2020,65,810,10,40
Sudeste,SP,25/3/2020,52,862,8,48
Sudeste,SP,26/3/2020,190,1052,10,58
Sudeste,SP,27/3/2020,171,1223,10,68
Sudeste,SP,28/3/2020,183,1406,16,84
Sudeste,SP,29/3/2020,45,1451,14,98
Sudeste,SP,30/3/2020,66,1517,15,113
Sudeste,SP,31/3/2020,822,2339,23,136
Sudeste,SP,1/4/2020,642,2981,28,164
Sudeste,SP,2/4/2020,525,3506,24,188
Sudeste,SP,3/4/2020,542,4048,31,219
Sudeste,SP,4/4/2020,418,4466,41,260
Sudeste,SP,5/4/2020,154,4620,15,275
Sudeste,SP,6/4/2020,246,4866,29,304
Sudeste,SP,7/4/2020,816,5682,67,371
Sudeste,SP,8/4/2020,1026,6708,57,428
Sudeste,SP,9/4/2020,772,7480,68,496
Sudeste,SP,10/4/2020,736,8216,44,540
Sudeste,SP,11/4/2020,203,8419,20,560
Sudeste,SP,12/4/2020,336,8755,28,588
Sudeste,SP,13/4/2020,140,8895,20,608
Sudeste,SP,14/4/2020,476,9371,87,695
Sul,PR,30/1/2020,0,0,0,0
Sul,PR,31/1/2020,0,0,0,0
Sul,PR,1/2/2020,0,0,0,0
Sul,PR,2/2/2020,0,0,0,0
Sul,PR,3/2/2020,0,0,0,0
Sul,PR,4/2/2020,0,0,0,0
Sul,PR,5/2/2020,0,0,0,0
Sul,PR,6/2/2020,0,0,0,0
Sul,PR,7/2/2020,0,0,0,0
Sul,PR,8/2/2020,0,0,0,0
Sul,PR,9/2/2020,0,0,0,0
Sul,PR,10/2/2020,0,0,0,0
Sul,PR,11/2/2020,0,0,0,0
Sul,PR,12/2/2020,0,0,0,0
Sul,PR,13/2/2020,0,0,0,0
Sul,PR,14/2/2020,0,0,0,0
Sul,PR,15/2/2020,0,0,0,0
Sul,PR,16/2/2020,0,0,0,0
Sul,PR,17/2/2020,0,0,0,0
Sul,PR,18/2/2020,0,0,0,0
Sul,PR,19/2/2020,0,0,0,0
Sul,PR,20/2/2020,0,0,0,0
Sul,PR,21/2/2020,0,0,0,0
Sul,PR,22/2/2020,0,0,0,0
Sul,PR,23/2/2020,0,0,0,0
Sul,PR,24/2/2020,0,0,0,0
Sul,PR,25/2/2020,0,0,0,0
Sul,PR,26/2/2020,0,0,0,0
Sul,PR,27/2/2020,0,0,0,0
Sul,PR,28/2/2020,0,0,0,0
Sul,PR,29/2/2020,0,0,0,0
Sul,PR,1/3/2020,0,0,0,0
Sul,PR,2/3/2020,0,0,0,0
Sul,PR,3/3/2020,0,0,0,0
Sul,PR,4/3/2020,0,0,0,0
Sul,PR,5/3/2020,0,0,0,0
Sul,PR,6/3/2020,0,0,0,0
Sul,PR,7/3/2020,0,0,0,0
Sul,PR,8/3/2020,0,0,0,0
Sul,PR,9/3/2020,0,0,0,0
Sul,PR,10/3/2020,0,0,0,0
Sul,PR,11/3/2020,0,0,0,0
Sul,PR,12/3/2020,6,6,0,0
Sul,PR,13/3/2020,0,6,0,0
Sul,PR,14/3/2020,0,6,0,0
Sul,PR,15/3/2020,0,6,0,0
Sul,PR,16/3/2020,0,6,0,0
Sul,PR,17/3/2020,0,6,0,0
Sul,PR,18/3/2020,7,13,0,0
Sul,PR,19/3/2020,10,23,0,0
Sul,PR,20/3/2020,9,32,0,0
Sul,PR,21/3/2020,11,43,0,0
Sul,PR,22/3/2020,7,50,0,0
Sul,PR,23/3/2020,6,56,0,0
Sul,PR,24/3/2020,9,65,0,0
Sul,PR,25/3/2020,16,81,0,0
Sul,PR,26/3/2020,21,102,0,0
Sul,PR,27/3/2020,17,119,2,2
Sul,PR,28/3/2020,14,133,0,2
Sul,PR,29/3/2020,15,148,0,2
Sul,PR,30/3/2020,7,155,1,3
Sul,PR,31/3/2020,24,179,0,3
Sul,PR,1/4/2020,45,224,0,3
Sul,PR,2/4/2020,28,252,1,4
Sul,PR,3/4/2020,49,301,0,4
Sul,PR,4/4/2020,94,395,2,6
Sul,PR,5/4/2020,43,438,3,9
Sul,PR,6/4/2020,20,458,2,11
Sul,PR,7/4/2020,45,503,4,15
Sul,PR,8/4/2020,36,539,2,17
Sul,PR,9/4/2020,70,609,5,22
Sul,PR,10/4/2020,34,643,3,25
Sul,PR,11/4/2020,33,676,1,26
Sul,PR,12/4/2020,62,738,4,30
Sul,PR,13/4/2020,18,756,1,31
Sul,PR,14/4/2020,35,791,5,36
Sul,SC,30/1/2020,0,0,0,0
Sul,SC,31/1/2020,0,0,0,0
Sul,SC,1/2/2020,0,0,0,0
Sul,SC,2/2/2020,0,0,0,0
Sul,SC,3/2/2020,0,0,0,0
Sul,SC,4/2/2020,0,0,0,0
Sul,SC,5/2/2020,0,0,0,0
Sul,SC,6/2/2020,0,0,0,0
Sul,SC,7/2/2020,0,0,0,0
Sul,SC,8/2/2020,0,0,0,0
Sul,SC,9/2/2020,0,0,0,0
Sul,SC,10/2/2020,0,0,0,0
Sul,SC,11/2/2020,0,0,0,0
Sul,SC,12/2/2020,0,0,0,0
Sul,SC,13/2/2020,0,0,0,0
Sul,SC,14/2/2020,0,0,0,0
Sul,SC,15/2/2020,0,0,0,0
Sul,SC,16/2/2020,0,0,0,0
Sul,SC,17/2/2020,0,0,0,0
Sul,SC,18/2/2020,0,0,0,0
Sul,SC,19/2/2020,0,0,0,0
Sul,SC,20/2/2020,0,0,0,0
Sul,SC,21/2/2020,0,0,0,0
Sul,SC,22/2/2020,0,0,0,0
Sul,SC,23/2/2020,0,0,0,0
Sul,SC,24/2/2020,0,0,0,0
Sul,SC,25/2/2020,0,0,0,0
Sul,SC,26/2/2020,0,0,0,0
Sul,SC,27/2/2020,0,0,0,0
Sul,SC,28/2/2020,0,0,0,0
Sul,SC,29/2/2020,0,0,0,0
Sul,SC,1/3/2020,0,0,0,0
Sul,SC,2/3/2020,0,0,0,0
Sul,SC,3/3/2020,0,0,0,0
Sul,SC,4/3/2020,0,0,0,0
Sul,SC,5/3/2020,0,0,0,0
Sul,SC,6/3/2020,0,0,0,0
Sul,SC,7/3/2020,0,0,0,0
Sul,SC,8/3/2020,0,0,0,0
Sul,SC,9/3/2020,0,0,0,0
Sul,SC,10/3/2020,0,0,0,0
Sul,SC,11/3/2020,0,0,0,0
Sul,SC,12/3/2020,0,0,0,0
Sul,SC,13/3/2020,2,2,0,0
Sul,SC,14/3/2020,2,4,0,0
Sul,SC,15/3/2020,2,6,0,0
Sul,SC,16/3/2020,1,7,0,0
Sul,SC,17/3/2020,0,7,0,0
Sul,SC,18/3/2020,3,10,0,0
Sul,SC,19/3/2020,10,20,0,0
Sul,SC,20/3/2020,1,21,0,0
Sul,SC,21/3/2020,30,51,0,0
Sul,SC,22/3/2020,6,57,0,0
Sul,SC,23/3/2020,11,68,0,0
Sul,SC,24/3/2020,39,107,0,0
Sul,SC,25/3/2020,2,109,0,0
Sul,SC,26/3/2020,13,122,1,1
Sul,SC,27/3/2020,27,149,0,1
Sul,SC,28/3/2020,35,184,0,1
Sul,SC,29/3/2020,10,194,0,1
Sul,SC,30/3/2020,3,197,0,1
Sul,SC,31/3/2020,22,219,1,2
Sul,SC,1/4/2020,16,235,0,2
Sul,SC,2/4/2020,12,247,0,2
Sul,SC,3/4/2020,34,281,3,5
Sul,SC,4/4/2020,53,334,0,5
Sul,SC,5/4/2020,23,357,5,10
Sul,SC,6/4/2020,22,379,0,10
Sul,SC,7/4/2020,38,417,1,11
Sul,SC,8/4/2020,40,457,4,15
Sul,SC,9/4/2020,44,501,2,17
Sul,SC,10/4/2020,192,693,1,18
Sul,SC,11/4/2020,39,732,3,21
Sul,SC,12/4/2020,36,768,3,24
Sul,SC,13/4/2020,9,777,0,24
Sul,SC,14/4/2020,49,826,2,26
Sul,RS,30/1/2020,0,0,0,0
Sul,RS,31/1/2020,0,0,0,0
Sul,RS,1/2/2020,0,0,0,0
Sul,RS,2/2/2020,0,0,0,0
Sul,RS,3/2/2020,0,0,0,0
Sul,RS,4/2/2020,0,0,0,0
Sul,RS,5/2/2020,0,0,0,0
Sul,RS,6/2/2020,0,0,0,0
Sul,RS,7/2/2020,0,0,0,0
Sul,RS,8/2/2020,0,0,0,0
Sul,RS,9/2/2020,0,0,0,0
Sul,RS,10/2/2020,0,0,0,0
Sul,RS,11/2/2020,0,0,0,0
Sul,RS,12/2/2020,0,0,0,0
Sul,RS,13/2/2020,0,0,0,0
Sul,RS,14/2/2020,0,0,0,0
Sul,RS,15/2/2020,0,0,0,0
Sul,RS,16/2/2020,0,0,0,0
Sul,RS,17/2/2020,0,0,0,0
Sul,RS,18/2/2020,0,0,0,0
Sul,RS,19/2/2020,0,0,0,0
Sul,RS,20/2/2020,0,0,0,0
Sul,RS,21/2/2020,0,0,0,0
Sul,RS,22/2/2020,0,0,0,0
Sul,RS,23/2/2020,0,0,0,0
Sul,RS,24/2/2020,0,0,0,0
Sul,RS,25/2/2020,0,0,0,0
Sul,RS,26/2/2020,0,0,0,0
Sul,RS,27/2/2020,0,0,0,0
Sul,RS,28/2/2020,0,0,0,0
Sul,RS,29/2/2020,0,0,0,0
Sul,RS,1/3/2020,0,0,0,0
Sul,RS,2/3/2020,0,0,0,0
Sul,RS,3/3/2020,0,0,0,0
Sul,RS,4/3/2020,0,0,0,0
Sul,RS,5/3/2020,0,0,0,0
Sul,RS,6/3/2020,0,0,0,0
Sul,RS,7/3/2020,0,0,0,0
Sul,RS,8/3/2020,0,0,0,0
Sul,RS,9/3/2020,0,0,0,0
Sul,RS,10/3/2020,1,1,0,0
Sul,RS,11/3/2020,1,2,0,0
Sul,RS,12/3/2020,2,4,0,0
Sul,RS,13/3/2020,0,4,0,0
Sul,RS,14/3/2020,2,6,0,0
Sul,RS,15/3/2020,0,6,0,0
Sul,RS,16/3/2020,0,6,0,0
Sul,RS,17/3/2020,4,10,0,0
Sul,RS,18/3/2020,9,19,0,0
Sul,RS,19/3/2020,9,28,0,0
Sul,RS,20/3/2020,9,37,0,0
Sul,RS,21/3/2020,23,60,0,0
Sul,RS,22/3/2020,12,72,0,0
Sul,RS,23/3/2020,14,86,0,0
Sul,RS,24/3/2020,12,98,0,0
Sul,RS,25/3/2020,25,123,1,1
Sul,RS,26/3/2020,45,168,0,1
Sul,RS,27/3/2020,27,195,1,2
Sul,RS,28/3/2020,2,197,0,2
Sul,RS,29/3/2020,29,226,0,2
Sul,RS,30/3/2020,15,241,1,3
Sul,RS,31/3/2020,33,274,1,4
Sul,RS,1/4/2020,32,306,0,4
Sul,RS,2/4/2020,28,334,1,5
Sul,RS,3/4/2020,62,396,0,5
Sul,RS,4/4/2020,14,410,1,6
Sul,RS,5/4/2020,8,418,1,7
Sul,RS,6/4/2020,63,481,0,7
Sul,RS,7/4/2020,27,508,1,8
Sul,RS,8/4/2020,47,555,1,9
Sul,RS,9/4/2020,63,618,3,12
Sul,RS,10/4/2020,18,636,2,14
Sul,RS,11/4/2020,4,640,1,15
Sul,RS,12/4/2020,13,653,1,16
Sul,RS,13/4/2020,11,664,0,16
Sul,RS,14/4/2020,36,700,2,18
Centro-Oeste,MS,30/1/2020,0,0,0,0
Centro-Oeste,MS,31/1/2020,0,0,0,0
Centro-Oeste,MS,1/2/2020,0,0,0,0
Centro-Oeste,MS,2/2/2020,0,0,0,0
Centro-Oeste,MS,3/2/2020,0,0,0,0
Centro-Oeste,MS,4/2/2020,0,0,0,0
Centro-Oeste,MS,5/2/2020,0,0,0,0
Centro-Oeste,MS,6/2/2020,0,0,0,0
Centro-Oeste,MS,7/2/2020,0,0,0,0
Centro-Oeste,MS,8/2/2020,0,0,0,0
Centro-Oeste,MS,9/2/2020,0,0,0,0
Centro-Oeste,MS,10/2/2020,0,0,0,0
Centro-Oeste,MS,11/2/2020,0,0,0,0
Centro-Oeste,MS,12/2/2020,0,0,0,0
Centro-Oeste,MS,13/2/2020,0,0,0,0
Centro-Oeste,MS,14/2/2020,0,0,0,0
Centro-Oeste,MS,15/2/2020,0,0,0,0
Centro-Oeste,MS,16/2/2020,0,0,0,0
Centro-Oeste,MS,17/2/2020,0,0,0,0
Centro-Oeste,MS,18/2/2020,0,0,0,0
Centro-Oeste,MS,19/2/2020,0,0,0,0
Centro-Oeste,MS,20/2/2020,0,0,0,0
Centro-Oeste,MS,21/2/2020,0,0,0,0
Centro-Oeste,MS,22/2/2020,0,0,0,0
Centro-Oeste,MS,23/2/2020,0,0,0,0
Centro-Oeste,MS,24/2/2020,0,0,0,0
Centro-Oeste,MS,25/2/2020,0,0,0,0
Centro-Oeste,MS,26/2/2020,0,0,0,0
Centro-Oeste,MS,27/2/2020,0,0,0,0
Centro-Oeste,MS,28/2/2020,0,0,0,0
Centro-Oeste,MS,29/2/2020,0,0,0,0
Centro-Oeste,MS,1/3/2020,0,0,0,0
Centro-Oeste,MS,2/3/2020,0,0,0,0
Centro-Oeste,MS,3/3/2020,0,0,0,0
Centro-Oeste,MS,4/3/2020,0,0,0,0
Centro-Oeste,MS,5/3/2020,0,0,0,0
Centro-Oeste,MS,6/3/2020,0,0,0,0
Centro-Oeste,MS,7/3/2020,0,0,0,0
Centro-Oeste,MS,8/3/2020,0,0,0,0
Centro-Oeste,MS,9/3/2020,0,0,0,0
Centro-Oeste,MS,10/3/2020,0,0,0,0
Centro-Oeste,MS,11/3/2020,0,0,0,0
Centro-Oeste,MS,12/3/2020,0,0,0,0
Centro-Oeste,MS,13/3/2020,0,0,0,0
Centro-Oeste,MS,14/3/2020,0,0,0,0
Centro-Oeste,MS,15/3/2020,0,0,0,0
Centro-Oeste,MS,16/3/2020,2,2,0,0
Centro-Oeste,MS,17/3/2020,2,4,0,0
Centro-Oeste,MS,18/3/2020,3,7,0,0
Centro-Oeste,MS,19/3/2020,0,7,0,0
Centro-Oeste,MS,20/3/2020,2,9,0,0
Centro-Oeste,MS,21/3/2020,7,16,0,0
Centro-Oeste,MS,22/3/2020,5,21,0,0
Centro-Oeste,MS,23/3/2020,0,21,0,0
Centro-Oeste,MS,24/3/2020,2,23,0,0
Centro-Oeste,MS,25/3/2020,1,24,0,0
Centro-Oeste,MS,26/3/2020,1,25,0,0
Centro-Oeste,MS,27/3/2020,3,28,0,0
Centro-Oeste,MS,28/3/2020,3,31,0,0
Centro-Oeste,MS,29/3/2020,5,36,0,0
Centro-Oeste,MS,30/3/2020,8,44,0,0
Centro-Oeste,MS,31/3/2020,4,48,1,1
Centro-Oeste,MS,1/4/2020,3,51,0,1
Centro-Oeste,MS,2/4/2020,2,53,0,1
Centro-Oeste,MS,3/4/2020,7,60,0,1
Centro-Oeste,MS,4/4/2020,2,62,0,1
Centro-Oeste,MS,5/4/2020,3,65,0,1
Centro-Oeste,MS,6/4/2020,1,66,0,1
Centro-Oeste,MS,7/4/2020,14,80,1,2
Centro-Oeste,MS,8/4/2020,5,85,0,2
Centro-Oeste,MS,9/4/2020,4,89,0,2
Centro-Oeste,MS,10/4/2020,8,97,0,2
Centro-Oeste,MS,11/4/2020,3,100,0,2
Centro-Oeste,MS,12/4/2020,1,101,0,2
Centro-Oeste,MS,13/4/2020,12,113,2,4
Centro-Oeste,MS,14/4/2020,2,115,0,4
Centro-Oeste,MT,30/1/2020,0,0,0,0
Centro-Oeste,MT,31/1/2020,0,0,0,0
Centro-Oeste,MT,1/2/2020,0,0,0,0
Centro-Oeste,MT,2/2/2020,0,0,0,0
Centro-Oeste,MT,3/2/2020,0,0,0,0
Centro-Oeste,MT,4/2/2020,0,0,0,0
Centro-Oeste,MT,5/2/2020,0,0,0,0
Centro-Oeste,MT,6/2/2020,0,0,0,0
Centro-Oeste,MT,7/2/2020,0,0,0,0
Centro-Oeste,MT,8/2/2020,0,0,0,0
Centro-Oeste,MT,9/2/2020,0,0,0,0
Centro-Oeste,MT,10/2/2020,0,0,0,0
Centro-Oeste,MT,11/2/2020,0,0,0,0
Centro-Oeste,MT,12/2/2020,0,0,0,0
Centro-Oeste,MT,13/2/2020,0,0,0,0
Centro-Oeste,MT,14/2/2020,0,0,0,0
Centro-Oeste,MT,15/2/2020,0,0,0,0
Centro-Oeste,MT,16/2/2020,0,0,0,0
Centro-Oeste,MT,17/2/2020,0,0,0,0
Centro-Oeste,MT,18/2/2020,0,0,0,0
Centro-Oeste,MT,19/2/2020,0,0,0,0
Centro-Oeste,MT,20/2/2020,0,0,0,0
Centro-Oeste,MT,21/2/2020,0,0,0,0
Centro-Oeste,MT,22/2/2020,0,0,0,0
Centro-Oeste,MT,23/2/2020,0,0,0,0
Centro-Oeste,MT,24/2/2020,0,0,0,0
Centro-Oeste,MT,25/2/2020,0,0,0,0
Centro-Oeste,MT,26/2/2020,0,0,0,0
Centro-Oeste,MT,27/2/2020,0,0,0,0
Centro-Oeste,MT,28/2/2020,0,0,0,0
Centro-Oeste,MT,29/2/2020,0,0,0,0
Centro-Oeste,MT,1/3/2020,0,0,0,0
Centro-Oeste,MT,2/3/2020,0,0,0,0
Centro-Oeste,MT,3/3/2020,0,0,0,0
Centro-Oeste,MT,4/3/2020,0,0,0,0
Centro-Oeste,MT,5/3/2020,0,0,0,0
Centro-Oeste,MT,6/3/2020,0,0,0,0
Centro-Oeste,MT,7/3/2020,0,0,0,0
Centro-Oeste,MT,8/3/2020,0,0,0,0
Centro-Oeste,MT,9/3/2020,0,0,0,0
Centro-Oeste,MT,10/3/2020,0,0,0,0
Centro-Oeste,MT,11/3/2020,0,0,0,0
Centro-Oeste,MT,12/3/2020,0,0,0,0
Centro-Oeste,MT,13/3/2020,0,0,0,0
Centro-Oeste,MT,14/3/2020,0,0,0,0
Centro-Oeste,MT,15/3/2020,0,0,0,0
Centro-Oeste,MT,16/3/2020,0,0,0,0
Centro-Oeste,MT,17/3/2020,0,0,0,0
Centro-Oeste,MT,18/3/2020,0,0,0,0
Centro-Oeste,MT,19/3/2020,0,0,0,0
Centro-Oeste,MT,20/3/2020,1,1,0,0
Centro-Oeste,MT,21/3/2020,1,2,0,0
Centro-Oeste,MT,22/3/2020,0,2,0,0
Centro-Oeste,MT,23/3/2020,0,2,0,0
Centro-Oeste,MT,24/3/2020,5,7,0,0
Centro-Oeste,MT,25/3/2020,1,8,0,0
Centro-Oeste,MT,26/3/2020,3,11,0,0
Centro-Oeste,MT,27/3/2020,0,11,0,0
Centro-Oeste,MT,28/3/2020,2,13,0,0
Centro-Oeste,MT,29/3/2020,3,16,0,0
Centro-Oeste,MT,30/3/2020,2,18,0,0
Centro-Oeste,MT,31/3/2020,7,25,0,0
Centro-Oeste,MT,1/4/2020,2,27,0,0
Centro-Oeste,MT,2/4/2020,9,36,0,0
Centro-Oeste,MT,3/4/2020,8,44,1,1
Centro-Oeste,MT,4/4/2020,12,56,0,1
Centro-Oeste,MT,5/4/2020,4,60,0,1
Centro-Oeste,MT,6/4/2020,16,76,0,1
Centro-Oeste,MT,7/4/2020,2,78,0,1
Centro-Oeste,MT,8/4/2020,12,90,0,1
Centro-Oeste,MT,9/4/2020,18,108,1,2
Centro-Oeste,MT,10/4/2020,4,112,0,2
Centro-Oeste,MT,11/4/2020,9,121,1,3
Centro-Oeste,MT,12/4/2020,2,123,0,3
Centro-Oeste,MT,13/4/2020,11,134,1,4
Centro-Oeste,MT,14/4/2020,4,138,0,4
Centro-Oeste,GO,30/1/2020,0,0,0,0
Centro-Oeste,GO,31/1/2020,0,0,0,0
Centro-Oeste,GO,1/2/2020,0,0,0,0
Centro-Oeste,GO,2/2/2020,0,0,0,0
Centro-Oeste,GO,3/2/2020,0,0,0,0
Centro-Oeste,GO,4/2/2020,0,0,0,0
Centro-Oeste,GO,5/2/2020,0,0,0,0
Centro-Oeste,GO,6/2/2020,0,0,0,0
Centro-Oeste,GO,7/2/2020,0,0,0,0
Centro-Oeste,GO,8/2/2020,0,0,0,0
Centro-Oeste,GO,9/2/2020,0,0,0,0
Centro-Oeste,GO,10/2/2020,0,0,0,0
Centro-Oeste,GO,11/2/2020,0,0,0,0
Centro-Oeste,GO,12/2/2020,0,0,0,0
Centro-Oeste,GO,13/2/2020,0,0,0,0
Centro-Oeste,GO,14/2/2020,0,0,0,0
Centro-Oeste,GO,15/2/2020,0,0,0,0
Centro-Oeste,GO,16/2/2020,0,0,0,0
Centro-Oeste,GO,17/2/2020,0,0,0,0
Centro-Oeste,GO,18/2/2020,0,0,0,0
Centro-Oeste,GO,19/2/2020,0,0,0,0
Centro-Oeste,GO,20/2/2020,0,0,0,0
Centro-Oeste,GO,21/2/2020,0,0,0,0
Centro-Oeste,GO,22/2/2020,0,0,0,0
Centro-Oeste,GO,23/2/2020,0,0,0,0
Centro-Oeste,GO,24/2/2020,0,0,0,0
Centro-Oeste,GO,25/2/2020,0,0,0,0
Centro-Oeste,GO,26/2/2020,0,0,0,0
Centro-Oeste,GO,27/2/2020,0,0,0,0
Centro-Oeste,GO,28/2/2020,0,0,0,0
Centro-Oeste,GO,29/2/2020,0,0,0,0
Centro-Oeste,GO,1/3/2020,0,0,0,0
Centro-Oeste,GO,2/3/2020,0,0,0,0
Centro-Oeste,GO,3/3/2020,0,0,0,0
Centro-Oeste,GO,4/3/2020,0,0,0,0
Centro-Oeste,GO,5/3/2020,0,0,0,0
Centro-Oeste,GO,6/3/2020,0,0,0,0
Centro-Oeste,GO,7/3/2020,0,0,0,0
Centro-Oeste,GO,8/3/2020,0,0,0,0
Centro-Oeste,GO,9/3/2020,0,0,0,0
Centro-Oeste,GO,10/3/2020,0,0,0,0
Centro-Oeste,GO,11/3/2020,0,0,0,0
Centro-Oeste,GO,12/3/2020,0,0,0,0
Centro-Oeste,GO,13/3/2020,3,3,0,0
Centro-Oeste,GO,14/3/2020,0,3,0,0
Centro-Oeste,GO,15/3/2020,0,3,0,0
Centro-Oeste,GO,16/3/2020,0,3,0,0
Centro-Oeste,GO,17/3/2020,3,6,0,0
Centro-Oeste,GO,18/3/2020,2,8,0,0
Centro-Oeste,GO,19/3/2020,4,12,0,0
Centro-Oeste,GO,20/3/2020,3,15,0,0
Centro-Oeste,GO,21/3/2020,5,20,0,0
Centro-Oeste,GO,22/3/2020,1,21,0,0
Centro-Oeste,GO,23/3/2020,2,23,0,0
Centro-Oeste,GO,24/3/2020,4,27,0,0
Centro-Oeste,GO,25/3/2020,2,29,0,0
Centro-Oeste,GO,26/3/2020,10,39,1,1
Centro-Oeste,GO,27/3/2020,10,49,0,1
Centro-Oeste,GO,28/3/2020,7,56,0,1
Centro-Oeste,GO,29/3/2020,2,58,0,1
Centro-Oeste,GO,30/3/2020,3,61,0,1
Centro-Oeste,GO,31/3/2020,4,65,0,1
Centro-Oeste,GO,1/4/2020,6,71,0,1
Centro-Oeste,GO,2/4/2020,2,73,0,1
Centro-Oeste,GO,3/4/2020,15,88,1,2
Centro-Oeste,GO,4/4/2020,15,103,0,2
Centro-Oeste,GO,5/4/2020,12,115,1,3
Centro-Oeste,GO,6/4/2020,4,119,2,5
Centro-Oeste,GO,7/4/2020,14,133,0,5
Centro-Oeste,GO,8/4/2020,25,158,2,7
Centro-Oeste,GO,9/4/2020,21,179,0,7
Centro-Oeste,GO,10/4/2020,12,191,1,8
Centro-Oeste,GO,11/4/2020,18,209,2,10
Centro-Oeste,GO,12/4/2020,20,229,4,14
Centro-Oeste,GO,13/4/2020,4,233,1,15
Centro-Oeste,GO,14/4/2020,51,284,0,15
Centro-Oeste,DF,30/1/2020,0,0,0,0
Centro-Oeste,DF,31/1/2020,0,0,0,0
Centro-Oeste,DF,1/2/2020,0,0,0,0
Centro-Oeste,DF,2/2/2020,0,0,0,0
Centro-Oeste,DF,3/2/2020,0,0,0,0
Centro-Oeste,DF,4/2/2020,0,0,0,0
Centro-Oeste,DF,5/2/2020,0,0,0,0
Centro-Oeste,DF,6/2/2020,0,0,0,0
Centro-Oeste,DF,7/2/2020,0,0,0,0
Centro-Oeste,DF,8/2/2020,0,0,0,0
Centro-Oeste,DF,9/2/2020,0,0,0,0
Centro-Oeste,DF,10/2/2020,0,0,0,0
Centro-Oeste,DF,11/2/2020,0,0,0,0
Centro-Oeste,DF,12/2/2020,0,0,0,0
Centro-Oeste,DF,13/2/2020,0,0,0,0
Centro-Oeste,DF,14/2/2020,0,0,0,0
Centro-Oeste,DF,15/2/2020,0,0,0,0
Centro-Oeste,DF,16/2/2020,0,0,0,0
Centro-Oeste,DF,17/2/2020,0,0,0,0
Centro-Oeste,DF,18/2/2020,0,0,0,0
Centro-Oeste,DF,19/2/2020,0,0,0,0
Centro-Oeste,DF,20/2/2020,0,0,0,0
Centro-Oeste,DF,21/2/2020,0,0,0,0
Centro-Oeste,DF,22/2/2020,0,0,0,0
Centro-Oeste,DF,23/2/2020,0,0,0,0
Centro-Oeste,DF,24/2/2020,0,0,0,0
Centro-Oeste,DF,25/2/2020,0,0,0,0
Centro-Oeste,DF,26/2/2020,0,0,0,0
Centro-Oeste,DF,27/2/2020,0,0,0,0
Centro-Oeste,DF,28/2/2020,0,0,0,0
Centro-Oeste,DF,29/2/2020,0,0,0,0
Centro-Oeste,DF,1/3/2020,0,0,0,0
Centro-Oeste,DF,2/3/2020,0,0,0,0
Centro-Oeste,DF,3/3/2020,0,0,0,0
Centro-Oeste,DF,4/3/2020,0,0,0,0
Centro-Oeste,DF,5/3/2020,0,0,0,0
Centro-Oeste,DF,6/3/2020,0,0,0,0
Centro-Oeste,DF,7/3/2020,1,1,0,0
Centro-Oeste,DF,8/3/2020,0,1,0,0
Centro-Oeste,DF,9/3/2020,0,1,0,0
Centro-Oeste,DF,10/3/2020,0,1,0,0
Centro-Oeste,DF,11/3/2020,1,2,0,0
Centro-Oeste,DF,12/3/2020,0,2,0,0
Centro-Oeste,DF,13/3/2020,0,2,0,0
Centro-Oeste,DF,14/3/2020,4,6,0,0
Centro-Oeste,DF,15/3/2020,2,8,0,0
Centro-Oeste,DF,16/3/2020,5,13,0,0
Centro-Oeste,DF,17/3/2020,9,22,0,0
Centro-Oeste,DF,18/3/2020,4,26,0,0
Centro-Oeste,DF,19/3/2020,16,42,0,0
Centro-Oeste,DF,20/3/2020,45,87,0,0
Centro-Oeste,DF,21/3/2020,13,100,0,0
Centro-Oeste,DF,22/3/2020,17,117,0,0
Centro-Oeste,DF,23/3/2020,16,133,0,0
Centro-Oeste,DF,24/3/2020,27,160,0,0
Centro-Oeste,DF,25/3/2020,0,160,0,0
Centro-Oeste,DF,26/3/2020,40,200,0,0
Centro-Oeste,DF,27/3/2020,30,230,0,0
Centro-Oeste,DF,28/3/2020,30,260,0,0
Centro-Oeste,DF,29/3/2020,29,289,1,1
Centro-Oeste,DF,30/3/2020,23,312,0,1
Centro-Oeste,DF,31/3/2020,20,332,2,3
Centro-Oeste,DF,1/4/2020,23,355,0,3
Centro-Oeste,DF,2/4/2020,15,370,1,4
Centro-Oeste,DF,3/4/2020,32,402,1,5
Centro-Oeste,DF,4/4/2020,52,454,2,7
Centro-Oeste,DF,5/4/2020,14,468,0,7
Centro-Oeste,DF,6/4/2020,5,473,3,10
Centro-Oeste,DF,7/4/2020,19,492,2,12
Centro-Oeste,DF,8/4/2020,17,509,0,12
Centro-Oeste,DF,9/4/2020,18,527,1,13
Centro-Oeste,DF,10/4/2020,28,555,1,14
Centro-Oeste,DF,11/4/2020,24,579,0,14
Centro-Oeste,DF,12/4/2020,35,614,0,14
Centro-Oeste,DF,13/4/2020,24,638,1,15
Centro-Oeste,DF,14/4/2020,13,651,2,17